-- This file allow to write SQL commands that will be emitted in test and dev.
-- The commands are commented as their support depends of the database
-- insert into myentity (id, field) values(1, 'field-1');
-- insert into myentity (id, field) values(2, 'field-2');
-- insert into myentity (id, field) values(3, 'field-3');
-- alter sequence myentity_seq restart with 4;

-- Delegaciones
INSERT INTO delegaciones (id, nombre, sede) VALUES (1, 'Santa Rosa Jáuregui', 'Agapito Pozo s/n, esquina Independencia, Col. Centro, CP 76220');
INSERT INTO delegaciones (id, nombre, sede) VALUES (2, 'Centro Histórico', 'Calle Madero 81 Pte., esquina Calle Guerrero, CP 76000');
INSERT INTO delegaciones (id, nombre, sede) VALUES (3, 'Villa Cayetano Rubio', 'Avenida del Río núm. 1, Col. Hércules, CP 76209');
INSERT INTO delegaciones (id, nombre, sede) VALUES (4, 'Josefa Vergara', 'Calle 21 núm. 1000, entre Av. 24 y Av. 26, Col. Lomas de Casa Blanca, CP 76086');
INSERT INTO delegaciones (id, nombre, sede) VALUES (5, 'Félix Osores Sotomayor', 'Avenida de la Luz núm. 602, Col. Cerrito Colorado');
INSERT INTO delegaciones (id, nombre, sede) VALUES (6, 'Felipe Carrillo Puerto', 'Calzada Guadalupe núm. 103, Col. Carrillo Puerto, CP 76138');
INSERT INTO delegaciones (id, nombre, sede) VALUES (7, 'Epigmenio González', 'Calle Tláloc núm. 100, Col. Desarrollo San Pablo, CP 76130');

-- Colonias (id omitido: AUTO_INCREMENT lo asigna MySQL)
INSERT INTO colonias (nombre, codigoPostal, tipo_asentamiento, delegacion_id) VALUES ('Centro', '76000', 'COLONIA', 2);
INSERT INTO colonias (nombre, codigoPostal, tipo_asentamiento, delegacion_id) VALUES ('San José Inn', '76000', 'COLONIA', 2);
INSERT INTO colonias (nombre, codigoPostal, tipo_asentamiento, delegacion_id) VALUES ('La Cruz', '76000', 'FRACCIONAMIENTO', 2);
INSERT INTO colonias (nombre, codigoPostal, tipo_asentamiento, delegacion_id) VALUES ('Rincón de San Andrés', '76000', 'FRACCIONAMIENTO', 2);
INSERT INTO colonias (nombre, codigoPostal, tipo_asentamiento, delegacion_id) VALUES ('Mariano Escobedo', '76000', 'UNIDAD HABITACIONAL', 2);
INSERT INTO colonias (nombre, codigoPostal, tipo_asentamiento, delegacion_id) VALUES ('Vicente Guerrero', '76000', 'UNIDAD HABITACIONAL', 2);
INSERT INTO colonias (nombre, codigoPostal, tipo_asentamiento, delegacion_id) VALUES ('Rinconada de Morelos', '76000', 'UNIDAD HABITACIONAL', 2);
INSERT INTO colonias (nombre, codigoPostal, tipo_asentamiento, delegacion_id) VALUES ('Las Campanas', '76010', 'COLONIA', 2);
INSERT INTO colonias (nombre, codigoPostal, tipo_asentamiento, delegacion_id) VALUES ('Niños Héroes', '76010', 'COLONIA', 2);
INSERT INTO colonias (nombre, codigoPostal, tipo_asentamiento, delegacion_id) VALUES ('Centro Universitario (U.A.Q.)', '76017', 'EQUIPAMIENTO', 2);
INSERT INTO colonias (nombre, codigoPostal, tipo_asentamiento, delegacion_id) VALUES ('Bosques del Acueducto', '76020', 'COLONIA', 3);
INSERT INTO colonias (nombre, codigoPostal, tipo_asentamiento, delegacion_id) VALUES ('Calesa', '76020', 'COLONIA', 3);
INSERT INTO colonias (nombre, codigoPostal, tipo_asentamiento, delegacion_id) VALUES ('Diligencias', '76020', 'COLONIA', 4);
INSERT INTO colonias (nombre, codigoPostal, tipo_asentamiento, delegacion_id) VALUES ('El Cortijo', '76020', 'COLONIA', 4);
INSERT INTO colonias (nombre, codigoPostal, tipo_asentamiento, delegacion_id) VALUES ('Jardines de Querétaro', '76020', 'COLONIA', 4);
INSERT INTO colonias (nombre, codigoPostal, tipo_asentamiento, delegacion_id) VALUES ('La Cruz', '76020', 'BARRIO', 2);
INSERT INTO colonias (nombre, codigoPostal, tipo_asentamiento, delegacion_id) VALUES ('Pathé', '76020', 'COLONIA', 2);
INSERT INTO colonias (nombre, codigoPostal, tipo_asentamiento, delegacion_id) VALUES ('San Javier', '76020', 'COLONIA', 2);
INSERT INTO colonias (nombre, codigoPostal, tipo_asentamiento, delegacion_id) VALUES ('Los Arcos', '76020', 'FRACCIONAMIENTO', 2);
INSERT INTO colonias (nombre, codigoPostal, tipo_asentamiento, delegacion_id) VALUES ('Privada Misterios', '76020', 'FRACCIONAMIENTO', 4);
INSERT INTO colonias (nombre, codigoPostal, tipo_asentamiento, delegacion_id) VALUES ('La Peñita', '76024', 'BARRIO', 3);
INSERT INTO colonias (nombre, codigoPostal, tipo_asentamiento, delegacion_id) VALUES ('Karina', '76024', 'COLONIA', 3);
INSERT INTO colonias (nombre, codigoPostal, tipo_asentamiento, delegacion_id) VALUES ('La Peñita', '76024', 'FRACCIONAMIENTO', 3);
INSERT INTO colonias (nombre, codigoPostal, tipo_asentamiento, delegacion_id) VALUES ('Calesa 2a Sección', '76024', 'FRACCIONAMIENTO', 3);
INSERT INTO colonias (nombre, codigoPostal, tipo_asentamiento, delegacion_id) VALUES ('El Cortijo', '76024', 'FRACCIONAMIENTO', 3);
INSERT INTO colonias (nombre, codigoPostal, tipo_asentamiento, delegacion_id) VALUES ('Villa los Arcos', '76024', 'FRACCIONAMIENTO', 3);
INSERT INTO colonias (nombre, codigoPostal, tipo_asentamiento, delegacion_id) VALUES ('El Cortijo II', '76024', 'FRACCIONAMIENTO', 3);
INSERT INTO colonias (nombre, codigoPostal, tipo_asentamiento, delegacion_id) VALUES ('Seminario', '76024', 'FRACCIONAMIENTO', 3);
INSERT INTO colonias (nombre, codigoPostal, tipo_asentamiento, delegacion_id) VALUES ('Del Río', '76024', 'FRACCIONAMIENTO', 3);
INSERT INTO colonias (nombre, codigoPostal, tipo_asentamiento, delegacion_id) VALUES ('La Pastora', '76025', 'COLONIA', 2);
INSERT INTO colonias (nombre, codigoPostal, tipo_asentamiento, delegacion_id) VALUES ('Arboledas del Río', '76027', 'FRACCIONAMIENTO', 2);
INSERT INTO colonias (nombre, codigoPostal, tipo_asentamiento, delegacion_id) VALUES ('Universidad', '76028', 'COLONIA', 2);
INSERT INTO colonias (nombre, codigoPostal, tipo_asentamiento, delegacion_id) VALUES ('Casa Blanca', '76030', 'COLONIA', 4);
INSERT INTO colonias (nombre, codigoPostal, tipo_asentamiento, delegacion_id) VALUES ('Cimatario', '76030', 'COLONIA', 4);
INSERT INTO colonias (nombre, codigoPostal, tipo_asentamiento, delegacion_id) VALUES ('El Carrizal', '76030', 'COLONIA', 2);
INSERT INTO colonias (nombre, codigoPostal, tipo_asentamiento, delegacion_id) VALUES ('Estrella', '76030', 'COLONIA', 2);
INSERT INTO colonias (nombre, codigoPostal, tipo_asentamiento, delegacion_id) VALUES ('Las Fuentes', '76030', 'COLONIA', 2);
INSERT INTO colonias (nombre, codigoPostal, tipo_asentamiento, delegacion_id) VALUES ('Las Misiones', '76030', 'COLONIA', 2);
INSERT INTO colonias (nombre, codigoPostal, tipo_asentamiento, delegacion_id) VALUES ('Moderna', '76030', 'UNIDAD HABITACIONAL', 2);
INSERT INTO colonias (nombre, codigoPostal, tipo_asentamiento, delegacion_id) VALUES ('San Ángel', '76030', 'COLONIA', 2);
INSERT INTO colonias (nombre, codigoPostal, tipo_asentamiento, delegacion_id) VALUES ('Privada Rincón de Fray Juan', '76030', 'CONDOMINIO', 2);
INSERT INTO colonias (nombre, codigoPostal, tipo_asentamiento, delegacion_id) VALUES ('El Prado', '76030', 'COLONIA', 2);
INSERT INTO colonias (nombre, codigoPostal, tipo_asentamiento, delegacion_id) VALUES ('Mariano de las Casas', '76037', 'COLONIA', 2);
INSERT INTO colonias (nombre, codigoPostal, tipo_asentamiento, delegacion_id) VALUES ('Alameda', '76040', 'COLONIA', 2);
INSERT INTO colonias (nombre, codigoPostal, tipo_asentamiento, delegacion_id) VALUES ('Aragón', '76040', 'COLONIA', 2);
INSERT INTO colonias (nombre, codigoPostal, tipo_asentamiento, delegacion_id) VALUES ('Las Palmas', '76040', 'COLONIA', 2);
INSERT INTO colonias (nombre, codigoPostal, tipo_asentamiento, delegacion_id) VALUES ('Mercurio', '76040', 'COLONIA', 2);
INSERT INTO colonias (nombre, codigoPostal, tipo_asentamiento, delegacion_id) VALUES ('Observatorio', '76040', 'COLONIA', 2);
INSERT INTO colonias (nombre, codigoPostal, tipo_asentamiento, delegacion_id) VALUES ('Panamericano', '76040', 'COLONIA', 2);
INSERT INTO colonias (nombre, codigoPostal, tipo_asentamiento, delegacion_id) VALUES ('Valle Alameda', '76040', 'COLONIA', 2);
INSERT INTO colonias (nombre, codigoPostal, tipo_asentamiento, delegacion_id) VALUES ('Villas del Sur', '76040', 'COLONIA', 2);
INSERT INTO colonias (nombre, codigoPostal, tipo_asentamiento, delegacion_id) VALUES ('Andalucía', '76040', 'UNIDAD HABITACIONAL', 2);
INSERT INTO colonias (nombre, codigoPostal, tipo_asentamiento, delegacion_id) VALUES ('El Laurel', '76046', 'FRACCIONAMIENTO', 2);
INSERT INTO colonias (nombre, codigoPostal, tipo_asentamiento, delegacion_id) VALUES ('Villas del Sol', '76046', 'COLONIA', 2);
INSERT INTO colonias (nombre, codigoPostal, tipo_asentamiento, delegacion_id) VALUES ('Panorámico', '76046', 'FRACCIONAMIENTO', 2);
INSERT INTO colonias (nombre, codigoPostal, tipo_asentamiento, delegacion_id) VALUES ('El Marqués', '76047', 'COLONIA', 2);
INSERT INTO colonias (nombre, codigoPostal, tipo_asentamiento, delegacion_id) VALUES ('Quintas del Marqués', '76047', 'COLONIA', 2);
INSERT INTO colonias (nombre, codigoPostal, tipo_asentamiento, delegacion_id) VALUES ('Arquitos', '76048', 'COLONIA', 2);
INSERT INTO colonias (nombre, codigoPostal, tipo_asentamiento, delegacion_id) VALUES ('Loma Bonita', '76049', 'COLONIA', 6);
INSERT INTO colonias (nombre, codigoPostal, tipo_asentamiento, delegacion_id) VALUES ('Carretas', '76050', 'COLONIA', 2);
INSERT INTO colonias (nombre, codigoPostal, tipo_asentamiento, delegacion_id) VALUES ('Hidalgo', '76057', 'COLONIA', 2);
INSERT INTO colonias (nombre, codigoPostal, tipo_asentamiento, delegacion_id) VALUES ('San Francisquito', '76058', 'BARRIO', 2);
INSERT INTO colonias (nombre, codigoPostal, tipo_asentamiento, delegacion_id) VALUES ('Plaza de las Américas', '76059', 'ZONA COMERCIAL', 2);
INSERT INTO colonias (nombre, codigoPostal, tipo_asentamiento, delegacion_id) VALUES ('Loma Dorada', '76060', 'COLONIA', 3);
INSERT INTO colonias (nombre, codigoPostal, tipo_asentamiento, delegacion_id) VALUES ('Vista Dorada', '76060', 'ZONA COMERCIAL', 3);
INSERT INTO colonias (nombre, codigoPostal, tipo_asentamiento, delegacion_id) VALUES ('La Virgen', '76060', 'CONDOMINIO', 3);
INSERT INTO colonias (nombre, codigoPostal, tipo_asentamiento, delegacion_id) VALUES ('Sámara Habitat', '76060', 'CONDOMINIO', 3);
INSERT INTO colonias (nombre, codigoPostal, tipo_asentamiento, delegacion_id) VALUES ('Milenio III', '76060', 'FRACCIONAMIENTO', 3);
INSERT INTO colonias (nombre, codigoPostal, tipo_asentamiento, delegacion_id) VALUES ('Cumbres del Mirador', '76060', 'FRACCIONAMIENTO', 3);
INSERT INTO colonias (nombre, codigoPostal, tipo_asentamiento, delegacion_id) VALUES ('Vista Hermosa', '76063', 'COLONIA', 4);
INSERT INTO colonias (nombre, codigoPostal, tipo_asentamiento, delegacion_id) VALUES ('Villas del Oriente', '76063', 'FRACCIONAMIENTO', 3);
INSERT INTO colonias (nombre, codigoPostal, tipo_asentamiento, delegacion_id) VALUES ('Cuesta Bonita', '76063', 'FRACCIONAMIENTO', 4);
INSERT INTO colonias (nombre, codigoPostal, tipo_asentamiento, delegacion_id) VALUES ('Pedregal de Vista Hermosa', '76063', 'FRACCIONAMIENTO', 4);
INSERT INTO colonias (nombre, codigoPostal, tipo_asentamiento, delegacion_id) VALUES ('La Laguna', '76067', 'COLONIA', 3);
INSERT INTO colonias (nombre, codigoPostal, tipo_asentamiento, delegacion_id) VALUES ('Jardines de Hércules', '76069', 'COLONIA', 3);
INSERT INTO colonias (nombre, codigoPostal, tipo_asentamiento, delegacion_id) VALUES ('2 de Abril', '76069', 'COLONIA', 3);
INSERT INTO colonias (nombre, codigoPostal, tipo_asentamiento, delegacion_id) VALUES ('El Bosque', '76069', 'FRACCIONAMIENTO', 3);
INSERT INTO colonias (nombre, codigoPostal, tipo_asentamiento, delegacion_id) VALUES ('El Limonar', '76069', 'COLONIA', 3);
INSERT INTO colonias (nombre, codigoPostal, tipo_asentamiento, delegacion_id) VALUES ('Tejas', '76069', 'COLONIA', 3);
INSERT INTO colonias (nombre, codigoPostal, tipo_asentamiento, delegacion_id) VALUES ('Hércules', '76069', 'COLONIA', 3);
INSERT INTO colonias (nombre, codigoPostal, tipo_asentamiento, delegacion_id) VALUES ('8 de Diciembre', '76069', 'COLONIA', 3);
INSERT INTO colonias (nombre, codigoPostal, tipo_asentamiento, delegacion_id) VALUES ('Bugambilias', '76069', 'FRACCIONAMIENTO', 3);
INSERT INTO colonias (nombre, codigoPostal, tipo_asentamiento, delegacion_id) VALUES ('La Estación', '76069', 'BARRIO', 3);
INSERT INTO colonias (nombre, codigoPostal, tipo_asentamiento, delegacion_id) VALUES ('San José de los Perales', '76069', 'COLONIA', 3);
INSERT INTO colonias (nombre, codigoPostal, tipo_asentamiento, delegacion_id) VALUES ('La Cuesta', '76069', 'COLONIA', 3);
INSERT INTO colonias (nombre, codigoPostal, tipo_asentamiento, delegacion_id) VALUES ('La Estación 2a. Sección', '76069', 'COLONIA', 3);
INSERT INTO colonias (nombre, codigoPostal, tipo_asentamiento, delegacion_id) VALUES ('Nuevo Morelos', '76069', 'COLONIA', 3);
INSERT INTO colonias (nombre, codigoPostal, tipo_asentamiento, delegacion_id) VALUES ('Corregidora (Burocrata)', '76070', 'COLONIA', 4);
INSERT INTO colonias (nombre, codigoPostal, tipo_asentamiento, delegacion_id) VALUES ('Prados del Mirador', '76070', 'COLONIA', 4);
INSERT INTO colonias (nombre, codigoPostal, tipo_asentamiento, delegacion_id) VALUES ('Vista', '76070', 'UNIDAD HABITACIONAL', 4);
INSERT INTO colonias (nombre, codigoPostal, tipo_asentamiento, delegacion_id) VALUES ('El Retiro', '76070', 'FRACCIONAMIENTO', 4);
INSERT INTO colonias (nombre, codigoPostal, tipo_asentamiento, delegacion_id) VALUES ('Loma Linda', '76070', 'FRACCIONAMIENTO', 4);
INSERT INTO colonias (nombre, codigoPostal, tipo_asentamiento, delegacion_id) VALUES ('Conjunto Terranova', '76070', 'UNIDAD HABITACIONAL', 4);
INSERT INTO colonias (nombre, codigoPostal, tipo_asentamiento, delegacion_id) VALUES ('La Alhambra', '76074', 'FRACCIONAMIENTO', 4);
INSERT INTO colonias (nombre, codigoPostal, tipo_asentamiento, delegacion_id) VALUES ('Vista Alegre', '76074', 'FRACCIONAMIENTO', 4);
INSERT INTO colonias (nombre, codigoPostal, tipo_asentamiento, delegacion_id) VALUES ('Vista Alegre 2a. Sección', '76074', 'FRACCIONAMIENTO', 4);
INSERT INTO colonias (nombre, codigoPostal, tipo_asentamiento, delegacion_id) VALUES ('Vista Alegre 3a. Sección', '76074', 'FRACCIONAMIENTO', 4);
INSERT INTO colonias (nombre, codigoPostal, tipo_asentamiento, delegacion_id) VALUES ('Palomar del Duque', '76074', 'FRACCIONAMIENTO', 4);
INSERT INTO colonias (nombre, codigoPostal, tipo_asentamiento, delegacion_id) VALUES ('Balaustradas', '76079', 'COLONIA', 4);
INSERT INTO colonias (nombre, codigoPostal, tipo_asentamiento, delegacion_id) VALUES ('Quinta Balaustradas', '76079', 'FRACCIONAMIENTO', 4);
INSERT INTO colonias (nombre, codigoPostal, tipo_asentamiento, delegacion_id) VALUES ('Lomas de Casa Blanca', '76080', 'COLONIA', 4);
INSERT INTO colonias (nombre, codigoPostal, tipo_asentamiento, delegacion_id) VALUES ('Presidentes', '76080', 'COLONIA', 4);
INSERT INTO colonias (nombre, codigoPostal, tipo_asentamiento, delegacion_id) VALUES ('Azteca', '76085', 'COLONIA', 4);
INSERT INTO colonias (nombre, codigoPostal, tipo_asentamiento, delegacion_id) VALUES ('Arte Mexicano', '76085', 'COLONIA', 4);
INSERT INTO colonias (nombre, codigoPostal, tipo_asentamiento, delegacion_id) VALUES ('El Marqués Querétano', '76085', 'COLONIA', 4);
INSERT INTO colonias (nombre, codigoPostal, tipo_asentamiento, delegacion_id) VALUES ('Lomas del Cimatario', '76085', 'COLONIA', 4);
INSERT INTO colonias (nombre, codigoPostal, tipo_asentamiento, delegacion_id) VALUES ('Universo 2000', '76085', 'COLONIA', 4);
INSERT INTO colonias (nombre, codigoPostal, tipo_asentamiento, delegacion_id) VALUES ('Colinas del Sur', '76085', 'FRACCIONAMIENTO', 4);
INSERT INTO colonias (nombre, codigoPostal, tipo_asentamiento, delegacion_id) VALUES ('Fraternidad de Santiago', '76085', 'COLONIA', 4);
INSERT INTO colonias (nombre, codigoPostal, tipo_asentamiento, delegacion_id) VALUES ('Vistas del Cimatario', '76085', 'COLONIA', 4);
INSERT INTO colonias (nombre, codigoPostal, tipo_asentamiento, delegacion_id) VALUES ('Lomas del Valle', '76085', 'COLONIA', 4);
INSERT INTO colonias (nombre, codigoPostal, tipo_asentamiento, delegacion_id) VALUES ('La Unión', '76085', 'FRACCIONAMIENTO', 4);
INSERT INTO colonias (nombre, codigoPostal, tipo_asentamiento, delegacion_id) VALUES ('Altos del Cimatario', '76085', 'COLONIA', 4);
INSERT INTO colonias (nombre, codigoPostal, tipo_asentamiento, delegacion_id) VALUES ('Bosques del Cimatario', '76085', 'COLONIA', 4);
INSERT INTO colonias (nombre, codigoPostal, tipo_asentamiento, delegacion_id) VALUES ('Rincón del Cimatario', '76085', 'COLONIA', 4);
INSERT INTO colonias (nombre, codigoPostal, tipo_asentamiento, delegacion_id) VALUES ('Reforma Agraria', '76086', 'COLONIA', 4);
INSERT INTO colonias (nombre, codigoPostal, tipo_asentamiento, delegacion_id) VALUES ('Reforma Agraria 2a Sección', '76086', 'COLONIA', 4);
INSERT INTO colonias (nombre, codigoPostal, tipo_asentamiento, delegacion_id) VALUES ('Reforma Agraria 3a Sección', '76086', 'COLONIA', 4);
INSERT INTO colonias (nombre, codigoPostal, tipo_asentamiento, delegacion_id) VALUES ('Reforma Agraria 4a Sección', '76086', 'COLONIA', 4);
INSERT INTO colonias (nombre, codigoPostal, tipo_asentamiento, delegacion_id) VALUES ('Reforma Agraria 5a Sección', '76086', 'COLONIA', 4);
INSERT INTO colonias (nombre, codigoPostal, tipo_asentamiento, delegacion_id) VALUES ('Lázaro Cárdenas', '76087', 'COLONIA', 4);
INSERT INTO colonias (nombre, codigoPostal, tipo_asentamiento, delegacion_id) VALUES ('Comerciantes', '76087', 'COLONIA', 4);
INSERT INTO colonias (nombre, codigoPostal, tipo_asentamiento, delegacion_id) VALUES ('Jacarandas', '76087', 'COLONIA', 2);
INSERT INTO colonias (nombre, codigoPostal, tipo_asentamiento, delegacion_id) VALUES ('Monte Real', '76087', 'FRACCIONAMIENTO', 6);
INSERT INTO colonias (nombre, codigoPostal, tipo_asentamiento, delegacion_id) VALUES ('Mirador del Cimatario', '76087', 'COLONIA', 4);
INSERT INTO colonias (nombre, codigoPostal, tipo_asentamiento, delegacion_id) VALUES ('Monte Blanco I', '76087', 'FRACCIONAMIENTO', 4);
INSERT INTO colonias (nombre, codigoPostal, tipo_asentamiento, delegacion_id) VALUES ('Vista Azul', '76087', 'FRACCIONAMIENTO', 4);
INSERT INTO colonias (nombre, codigoPostal, tipo_asentamiento, delegacion_id) VALUES ('Villas del Rincón', '76087', 'FRACCIONAMIENTO', 4);
INSERT INTO colonias (nombre, codigoPostal, tipo_asentamiento, delegacion_id) VALUES ('Constelación', '76087', 'FRACCIONAMIENTO', 4);
INSERT INTO colonias (nombre, codigoPostal, tipo_asentamiento, delegacion_id) VALUES ('Bosques del Cimatario 2a. Sección', '76087', 'COLONIA', 4);
INSERT INTO colonias (nombre, codigoPostal, tipo_asentamiento, delegacion_id) VALUES ('Zapata Vive', '76087', 'COLONIA', 4);
INSERT INTO colonias (nombre, codigoPostal, tipo_asentamiento, delegacion_id) VALUES ('Bosques de Querétaro', '76087', 'COLONIA', 4);
INSERT INTO colonias (nombre, codigoPostal, tipo_asentamiento, delegacion_id) VALUES ('Unidad Roma', '76087', 'FRACCIONAMIENTO', 4);
INSERT INTO colonias (nombre, codigoPostal, tipo_asentamiento, delegacion_id) VALUES ('Cuitláhuac', '76087', 'COLONIA', 4);
INSERT INTO colonias (nombre, codigoPostal, tipo_asentamiento, delegacion_id) VALUES ('Praderas del Sol', '76087', 'FRACCIONAMIENTO', 4);
INSERT INTO colonias (nombre, codigoPostal, tipo_asentamiento, delegacion_id) VALUES ('Campestre Italiana', '76087', 'FRACCIONAMIENTO', 4);
INSERT INTO colonias (nombre, codigoPostal, tipo_asentamiento, delegacion_id) VALUES ('Lomas de Pasteur', '76087', 'FRACCIONAMIENTO', 4);
INSERT INTO colonias (nombre, codigoPostal, tipo_asentamiento, delegacion_id) VALUES ('Villas del Cimatario', '76087', 'FRACCIONAMIENTO', 4);
INSERT INTO colonias (nombre, codigoPostal, tipo_asentamiento, delegacion_id) VALUES ('Jardines del Cimatario', '76087', 'FRACCIONAMIENTO', 4);
INSERT INTO colonias (nombre, codigoPostal, tipo_asentamiento, delegacion_id) VALUES ('San Andrés', '76087', 'FRACCIONAMIENTO', 4);
INSERT INTO colonias (nombre, codigoPostal, tipo_asentamiento, delegacion_id) VALUES ('Huertas del Cimatario', '76087', 'FRACCIONAMIENTO', 4);
INSERT INTO colonias (nombre, codigoPostal, tipo_asentamiento, delegacion_id) VALUES ('Linderos del Cimatario', '76087', 'COLONIA', 4);
INSERT INTO colonias (nombre, codigoPostal, tipo_asentamiento, delegacion_id) VALUES ('Prados de Querétaro', '76087', 'COLONIA', 4);
INSERT INTO colonias (nombre, codigoPostal, tipo_asentamiento, delegacion_id) VALUES ('Bosques de las Lomas', '76087', 'COLONIA', 4);
INSERT INTO colonias (nombre, codigoPostal, tipo_asentamiento, delegacion_id) VALUES ('Pedregal del Cimatario', '76087', 'COLONIA', 4);
INSERT INTO colonias (nombre, codigoPostal, tipo_asentamiento, delegacion_id) VALUES ('Misión Cimatario', '76087', 'FRACCIONAMIENTO', 4);
INSERT INTO colonias (nombre, codigoPostal, tipo_asentamiento, delegacion_id) VALUES ('Bellavista', '76087', 'COLONIA', 4);
INSERT INTO colonias (nombre, codigoPostal, tipo_asentamiento, delegacion_id) VALUES ('Manantiales del Cimatario', '76087', 'COLONIA', 4);
INSERT INTO colonias (nombre, codigoPostal, tipo_asentamiento, delegacion_id) VALUES ('Raquel Trejo Ortiz', '76087', 'COLONIA', 4);
INSERT INTO colonias (nombre, codigoPostal, tipo_asentamiento, delegacion_id) VALUES ('Prados del Cimatario', '76087', 'COLONIA', 4);
INSERT INTO colonias (nombre, codigoPostal, tipo_asentamiento, delegacion_id) VALUES ('Monte Blanco II', '76087', 'FRACCIONAMIENTO', 4);
INSERT INTO colonias (nombre, codigoPostal, tipo_asentamiento, delegacion_id) VALUES ('Monte Blanco III', '76087', 'FRACCIONAMIENTO', 4);
INSERT INTO colonias (nombre, codigoPostal, tipo_asentamiento, delegacion_id) VALUES ('Colinas del Cimatario', '76090', 'COLONIA', 4);
INSERT INTO colonias (nombre, codigoPostal, tipo_asentamiento, delegacion_id) VALUES ('Cuadrante Centro Sur I', '76090', 'FRACCIONAMIENTO', 4);
INSERT INTO colonias (nombre, codigoPostal, tipo_asentamiento, delegacion_id) VALUES ('Centro Sur', '76090', 'COLONIA', 4);
INSERT INTO colonias (nombre, codigoPostal, tipo_asentamiento, delegacion_id) VALUES ('Residencial Centro Sur', '76093', 'FRACCIONAMIENTO', 4);
INSERT INTO colonias (nombre, codigoPostal, tipo_asentamiento, delegacion_id) VALUES ('Rinconada del Sur', '76093', 'FRACCIONAMIENTO', 4);
INSERT INTO colonias (nombre, codigoPostal, tipo_asentamiento, delegacion_id) VALUES ('Claustros de la Corregidora 2', '76093', 'FRACCIONAMIENTO', 4);
INSERT INTO colonias (nombre, codigoPostal, tipo_asentamiento, delegacion_id) VALUES ('Claustro del Marques', '76093', 'FRACCIONAMIENTO', 4);
INSERT INTO colonias (nombre, codigoPostal, tipo_asentamiento, delegacion_id) VALUES ('Residencial Ángeles', '76093', 'FRACCIONAMIENTO', 4);
INSERT INTO colonias (nombre, codigoPostal, tipo_asentamiento, delegacion_id) VALUES ('Claustros del Sur', '76093', 'COLONIA', 4);
INSERT INTO colonias (nombre, codigoPostal, tipo_asentamiento, delegacion_id) VALUES ('Claustros de la Corregidora I', '76093', 'FRACCIONAMIENTO', 4);
INSERT INTO colonias (nombre, codigoPostal, tipo_asentamiento, delegacion_id) VALUES ('Claustros de Santiago', '76093', 'FRACCIONAMIENTO', 4);
INSERT INTO colonias (nombre, codigoPostal, tipo_asentamiento, delegacion_id) VALUES ('Claustros de la Catedral', '76093', 'FRACCIONAMIENTO', 4);
INSERT INTO colonias (nombre, codigoPostal, tipo_asentamiento, delegacion_id) VALUES ('Claustros de las Misiones', '76093', 'FRACCIONAMIENTO', 4);
INSERT INTO colonias (nombre, codigoPostal, tipo_asentamiento, delegacion_id) VALUES ('Plazas del Sol 1a Sección', '76099', 'COLONIA', 4);
INSERT INTO colonias (nombre, codigoPostal, tipo_asentamiento, delegacion_id) VALUES ('Plazas del Sol 3a Sección', '76099', 'FRACCIONAMIENTO', 4);
INSERT INTO colonias (nombre, codigoPostal, tipo_asentamiento, delegacion_id) VALUES ('Plazas del Sol 2a Sección', '76099', 'COLONIA', 4);
INSERT INTO colonias (nombre, codigoPostal, tipo_asentamiento, delegacion_id) VALUES ('La Castellana', '76100', 'FRACCIONAMIENTO', 5);
INSERT INTO colonias (nombre, codigoPostal, tipo_asentamiento, delegacion_id) VALUES ('Q Home Valley', '76100', 'FRACCIONAMIENTO', 1);
INSERT INTO colonias (nombre, codigoPostal, tipo_asentamiento, delegacion_id) VALUES ('El Destino', '76100', 'FRACCIONAMIENTO', 5);
INSERT INTO colonias (nombre, codigoPostal, tipo_asentamiento, delegacion_id) VALUES ('Dolce Terra', '76100', 'FRACCIONAMIENTO', 6);
INSERT INTO colonias (nombre, codigoPostal, tipo_asentamiento, delegacion_id) VALUES ('Vive', '76100', 'FRACCIONAMIENTO', 7);
INSERT INTO colonias (nombre, codigoPostal, tipo_asentamiento, delegacion_id) VALUES ('Valle de Fresnos', '76100', 'FRACCIONAMIENTO', 6);
INSERT INTO colonias (nombre, codigoPostal, tipo_asentamiento, delegacion_id) VALUES ('Jurica', '76100', 'PUEBLO', 1);
INSERT INTO colonias (nombre, codigoPostal, tipo_asentamiento, delegacion_id) VALUES ('Bleu', '76100', 'FRACCIONAMIENTO', 5);
INSERT INTO colonias (nombre, codigoPostal, tipo_asentamiento, delegacion_id) VALUES ('Hacienda Juriquilla Santa Fe', '76100', 'FRACCIONAMIENTO', 1);
INSERT INTO colonias (nombre, codigoPostal, tipo_asentamiento, delegacion_id) VALUES ('Atenas', '76100', 'FRACCIONAMIENTO', 7);
INSERT INTO colonias (nombre, codigoPostal, tipo_asentamiento, delegacion_id) VALUES ('Rinconada Jurica', '76100', 'FRACCIONAMIENTO', 5);
INSERT INTO colonias (nombre, codigoPostal, tipo_asentamiento, delegacion_id) VALUES ('El Bordo', '76100', 'COLONIA', 1);
INSERT INTO colonias (nombre, codigoPostal, tipo_asentamiento, delegacion_id) VALUES ('Valle de Juriquilla', '76100', 'FRACCIONAMIENTO', 1);
INSERT INTO colonias (nombre, codigoPostal, tipo_asentamiento, delegacion_id) VALUES ('Jurica', '76100', 'EJIDO', 5);
INSERT INTO colonias (nombre, codigoPostal, tipo_asentamiento, delegacion_id) VALUES ('Valle de Juriquilla II', '76100', 'FRACCIONAMIENTO', 1);
INSERT INTO colonias (nombre, codigoPostal, tipo_asentamiento, delegacion_id) VALUES ('Pontevedra', '76100', 'FRACCIONAMIENTO', 6);
INSERT INTO colonias (nombre, codigoPostal, tipo_asentamiento, delegacion_id) VALUES ('Aura Juriquilla', '76100', 'FRACCIONAMIENTO', 1);
INSERT INTO colonias (nombre, codigoPostal, tipo_asentamiento, delegacion_id) VALUES ('Villas Regency', '76100', 'FRACCIONAMIENTO', 1);
INSERT INTO colonias (nombre, codigoPostal, tipo_asentamiento, delegacion_id) VALUES ('Life', '76100', 'CONDOMINIO', 6);
INSERT INTO colonias (nombre, codigoPostal, tipo_asentamiento, delegacion_id) VALUES ('Laztana', '76100', 'FRACCIONAMIENTO', 1);
INSERT INTO colonias (nombre, codigoPostal, tipo_asentamiento, delegacion_id) VALUES ('La Reserva', '76100', 'FRACCIONAMIENTO', 1);
INSERT INTO colonias (nombre, codigoPostal, tipo_asentamiento, delegacion_id) VALUES ('Gobernantes', '76100', 'COLONIA', 5);
INSERT INTO colonias (nombre, codigoPostal, tipo_asentamiento, delegacion_id) VALUES ('Jurica Pinar', '76100', 'FRACCIONAMIENTO', 5);
INSERT INTO colonias (nombre, codigoPostal, tipo_asentamiento, delegacion_id) VALUES ('Jurica', '76100', 'FRACCIONAMIENTO', 6);
INSERT INTO colonias (nombre, codigoPostal, tipo_asentamiento, delegacion_id) VALUES ('Privada de los Portones', '76100', 'FRACCIONAMIENTO', 6);
INSERT INTO colonias (nombre, codigoPostal, tipo_asentamiento, delegacion_id) VALUES ('Las Campanas', '76100', 'COLONIA', 2);
INSERT INTO colonias (nombre, codigoPostal, tipo_asentamiento, delegacion_id) VALUES ('Murano', '76100', 'FRACCIONAMIENTO', 1);
INSERT INTO colonias (nombre, codigoPostal, tipo_asentamiento, delegacion_id) VALUES ('Satélite', '76110', 'COLONIA', 5);
INSERT INTO colonias (nombre, codigoPostal, tipo_asentamiento, delegacion_id) VALUES ('Cosmos (Satelite)', '76110', 'COLONIA', 7);
INSERT INTO colonias (nombre, codigoPostal, tipo_asentamiento, delegacion_id) VALUES ('Josefa Ortiz de Domínguez II', '76110', 'COLONIA', 6);
INSERT INTO colonias (nombre, codigoPostal, tipo_asentamiento, delegacion_id) VALUES ('Josefa Ortiz de Domínguez III', '76110', 'COLONIA', 6);
INSERT INTO colonias (nombre, codigoPostal, tipo_asentamiento, delegacion_id) VALUES ('Lomas de Satélite', '76110', 'COLONIA', 6);
INSERT INTO colonias (nombre, codigoPostal, tipo_asentamiento, delegacion_id) VALUES ('Josefa Ortiz de Domínguez IV', '76110', 'COLONIA', 6);
INSERT INTO colonias (nombre, codigoPostal, tipo_asentamiento, delegacion_id) VALUES ('Satélite Sección Andadores', '76110', 'COLONIA', 6);
INSERT INTO colonias (nombre, codigoPostal, tipo_asentamiento, delegacion_id) VALUES ('Satélite Sección Condominios', '76110', 'COLONIA', 6);
INSERT INTO colonias (nombre, codigoPostal, tipo_asentamiento, delegacion_id) VALUES ('Ampliación Satélite', '76110', 'COLONIA', 6);
INSERT INTO colonias (nombre, codigoPostal, tipo_asentamiento, delegacion_id) VALUES ('El Sol', '76113', 'COLONIA', 6);
INSERT INTO colonias (nombre, codigoPostal, tipo_asentamiento, delegacion_id) VALUES ('El Sol Residencial', '76113', 'FRACCIONAMIENTO', 7);
INSERT INTO colonias (nombre, codigoPostal, tipo_asentamiento, delegacion_id) VALUES ('Rinconada del Sol', '76113', 'COLONIA', 5);
INSERT INTO colonias (nombre, codigoPostal, tipo_asentamiento, delegacion_id) VALUES ('Bosques del Sol', '76113', 'COLONIA', 6);
INSERT INTO colonias (nombre, codigoPostal, tipo_asentamiento, delegacion_id) VALUES ('La Luna', '76113', 'COLONIA', 6);
INSERT INTO colonias (nombre, codigoPostal, tipo_asentamiento, delegacion_id) VALUES ('Los Framboyanes', '76113', 'FRACCIONAMIENTO', 7);
INSERT INTO colonias (nombre, codigoPostal, tipo_asentamiento, delegacion_id) VALUES ('Valle de San Pedro 2a Sección', '76113', 'COLONIA', 5);
INSERT INTO colonias (nombre, codigoPostal, tipo_asentamiento, delegacion_id) VALUES ('Plan Nuevo de Santa María', '76113', 'COLONIA', 5);
INSERT INTO colonias (nombre, codigoPostal, tipo_asentamiento, delegacion_id) VALUES ('Santa Isabel', '76113', 'COLONIA', 6);
INSERT INTO colonias (nombre, codigoPostal, tipo_asentamiento, delegacion_id) VALUES ('Alborada', '76113', 'COLONIA', 6);
INSERT INTO colonias (nombre, codigoPostal, tipo_asentamiento, delegacion_id) VALUES ('Tonatiuh 4a. Sección', '76113', 'COLONIA', 6);
INSERT INTO colonias (nombre, codigoPostal, tipo_asentamiento, delegacion_id) VALUES ('Tonatiuh', '76113', 'COLONIA', 6);
INSERT INTO colonias (nombre, codigoPostal, tipo_asentamiento, delegacion_id) VALUES ('Tonatiuh 2a. Sección', '76113', 'COLONIA', 6);
INSERT INTO colonias (nombre, codigoPostal, tipo_asentamiento, delegacion_id) VALUES ('Tonatiuh 3a. Sección', '76113', 'COLONIA', 6);
INSERT INTO colonias (nombre, codigoPostal, tipo_asentamiento, delegacion_id) VALUES ('El Arcángel', '76113', 'FRACCIONAMIENTO', 6);
INSERT INTO colonias (nombre, codigoPostal, tipo_asentamiento, delegacion_id) VALUES ('Valle de San Pedro', '76113', 'COLONIA', 6);
INSERT INTO colonias (nombre, codigoPostal, tipo_asentamiento, delegacion_id) VALUES ('Rancho San Pedro', '76113', 'FRACCIONAMIENTO', 6);
INSERT INTO colonias (nombre, codigoPostal, tipo_asentamiento, delegacion_id) VALUES ('El Rocío', '76114', 'COLONIA', 5);
INSERT INTO colonias (nombre, codigoPostal, tipo_asentamiento, delegacion_id) VALUES ('Los Sauces', '76114', 'COLONIA', 5);
INSERT INTO colonias (nombre, codigoPostal, tipo_asentamiento, delegacion_id) VALUES ('El Rocío II', '76114', 'COLONIA', 7);
INSERT INTO colonias (nombre, codigoPostal, tipo_asentamiento, delegacion_id) VALUES ('Don Manuel', '76114', 'COLONIA', 6);
INSERT INTO colonias (nombre, codigoPostal, tipo_asentamiento, delegacion_id) VALUES ('Puerta del Sol II', '76114', 'COLONIA', 5);
INSERT INTO colonias (nombre, codigoPostal, tipo_asentamiento, delegacion_id) VALUES ('La Huerta', '76114', 'COLONIA', 6);
INSERT INTO colonias (nombre, codigoPostal, tipo_asentamiento, delegacion_id) VALUES ('Sendero', '76114', 'ZONA COMERCIAL', 6);
INSERT INTO colonias (nombre, codigoPostal, tipo_asentamiento, delegacion_id) VALUES ('Lomas del Carmen', '76114', 'FRACCIONAMIENTO', 5);
INSERT INTO colonias (nombre, codigoPostal, tipo_asentamiento, delegacion_id) VALUES ('El Garambullo', '76115', 'COLONIA', 7);
INSERT INTO colonias (nombre, codigoPostal, tipo_asentamiento, delegacion_id) VALUES ('Parque Santiago', '76115', 'FRACCIONAMIENTO', 7);
INSERT INTO colonias (nombre, codigoPostal, tipo_asentamiento, delegacion_id) VALUES ('Benito Juárez', '76116', 'COLONIA', 5);
INSERT INTO colonias (nombre, codigoPostal, tipo_asentamiento, delegacion_id) VALUES ('Cerrito Colorado', '76116', 'COLONIA', 5);
INSERT INTO colonias (nombre, codigoPostal, tipo_asentamiento, delegacion_id) VALUES ('Ciudad del Sol Sección Valle de Santiago', '76116', 'UNIDAD HABITACIONAL', 6);
INSERT INTO colonias (nombre, codigoPostal, tipo_asentamiento, delegacion_id) VALUES ('Real de la Loma', '76116', 'FRACCIONAMIENTO', 5);
INSERT INTO colonias (nombre, codigoPostal, tipo_asentamiento, delegacion_id) VALUES ('Puerta Navarra', '76116', 'FRACCIONAMIENTO', 5);
INSERT INTO colonias (nombre, codigoPostal, tipo_asentamiento, delegacion_id) VALUES ('Plaza Ikal', '76116', 'ZONA COMERCIAL', 5);
INSERT INTO colonias (nombre, codigoPostal, tipo_asentamiento, delegacion_id) VALUES ('Misión del Parque Residencial', '76116', 'FRACCIONAMIENTO', 5);
INSERT INTO colonias (nombre, codigoPostal, tipo_asentamiento, delegacion_id) VALUES ('Lomas de San Pedro', '76116', 'FRACCIONAMIENTO', 5);
INSERT INTO colonias (nombre, codigoPostal, tipo_asentamiento, delegacion_id) VALUES ('Stanza Residencial Punta Norte', '76116', 'FRACCIONAMIENTO', 5);
INSERT INTO colonias (nombre, codigoPostal, tipo_asentamiento, delegacion_id) VALUES ('Valle Encantado', '76116', 'COLONIA', 5);
INSERT INTO colonias (nombre, codigoPostal, tipo_asentamiento, delegacion_id) VALUES ('Real de Moctezuma', '76116', 'COLONIA', 6);
INSERT INTO colonias (nombre, codigoPostal, tipo_asentamiento, delegacion_id) VALUES ('Misión del Mayorazgo', '76116', 'FRACCIONAMIENTO', 6);
INSERT INTO colonias (nombre, codigoPostal, tipo_asentamiento, delegacion_id) VALUES ('Las Haciendas', '76116', 'FRACCIONAMIENTO', 4);
INSERT INTO colonias (nombre, codigoPostal, tipo_asentamiento, delegacion_id) VALUES ('Dos Valles', '76116', 'FRACCIONAMIENTO', 5);
INSERT INTO colonias (nombre, codigoPostal, tipo_asentamiento, delegacion_id) VALUES ('Misión Montejo', '76116', 'FRACCIONAMIENTO', 5);
INSERT INTO colonias (nombre, codigoPostal, tipo_asentamiento, delegacion_id) VALUES ('La Loma VIII', '76116', 'FRACCIONAMIENTO', 5);
INSERT INTO colonias (nombre, codigoPostal, tipo_asentamiento, delegacion_id) VALUES ('Parque Industrial Novatec Business', '76116', 'ZONA INDUSTRIAL', 5);
INSERT INTO colonias (nombre, codigoPostal, tipo_asentamiento, delegacion_id) VALUES ('Ex-Hacienda Santana', '76116', 'COLONIA', 5);
INSERT INTO colonias (nombre, codigoPostal, tipo_asentamiento, delegacion_id) VALUES ('Villas de Guadalupe', '76116', 'COLONIA', 5);
INSERT INTO colonias (nombre, codigoPostal, tipo_asentamiento, delegacion_id) VALUES ('Cerrito Colorado II', '76116', 'COLONIA', 5);
INSERT INTO colonias (nombre, codigoPostal, tipo_asentamiento, delegacion_id) VALUES ('Teotihuacan', '76116', 'COLONIA', 6);
INSERT INTO colonias (nombre, codigoPostal, tipo_asentamiento, delegacion_id) VALUES ('La Loma', '76116', 'FRACCIONAMIENTO', 6);
INSERT INTO colonias (nombre, codigoPostal, tipo_asentamiento, delegacion_id) VALUES ('Vistas del Valle', '76116', 'FRACCIONAMIENTO', 6);
INSERT INTO colonias (nombre, codigoPostal, tipo_asentamiento, delegacion_id) VALUES ('Querena', '76116', 'FRACCIONAMIENTO', 5);
INSERT INTO colonias (nombre, codigoPostal, tipo_asentamiento, delegacion_id) VALUES ('La Cordillera', '76116', 'CONDOMINIO', 6);
INSERT INTO colonias (nombre, codigoPostal, tipo_asentamiento, delegacion_id) VALUES ('Puerta del Sol', '76116', 'FRACCIONAMIENTO', 6);
INSERT INTO colonias (nombre, codigoPostal, tipo_asentamiento, delegacion_id) VALUES ('Las Azucenas', '76116', 'FRACCIONAMIENTO', 5);
INSERT INTO colonias (nombre, codigoPostal, tipo_asentamiento, delegacion_id) VALUES ('Colinas del Poniente', '76116', 'FRACCIONAMIENTO', 6);
INSERT INTO colonias (nombre, codigoPostal, tipo_asentamiento, delegacion_id) VALUES ('Cerrito Colorado III', '76116', 'FRACCIONAMIENTO', 5);
INSERT INTO colonias (nombre, codigoPostal, tipo_asentamiento, delegacion_id) VALUES ('Cerrito Colorado IV', '76116', 'FRACCIONAMIENTO', 5);
INSERT INTO colonias (nombre, codigoPostal, tipo_asentamiento, delegacion_id) VALUES ('Cerrito Colorado V', '76116', 'FRACCIONAMIENTO', 5);
INSERT INTO colonias (nombre, codigoPostal, tipo_asentamiento, delegacion_id) VALUES ('Cerrito Colorado VI', '76116', 'FRACCIONAMIENTO', 5);
INSERT INTO colonias (nombre, codigoPostal, tipo_asentamiento, delegacion_id) VALUES ('Cerrito Colorado VII', '76116', 'FRACCIONAMIENTO', 5);
INSERT INTO colonias (nombre, codigoPostal, tipo_asentamiento, delegacion_id) VALUES ('Bugambilias Residencial', '76116', 'FRACCIONAMIENTO', 6);
INSERT INTO colonias (nombre, codigoPostal, tipo_asentamiento, delegacion_id) VALUES ('Rocio Sanz', '76116', 'FRACCIONAMIENTO', 6);
INSERT INTO colonias (nombre, codigoPostal, tipo_asentamiento, delegacion_id) VALUES ('La Peña', '76116', 'FRACCIONAMIENTO', 5);
INSERT INTO colonias (nombre, codigoPostal, tipo_asentamiento, delegacion_id) VALUES ('Geo Plazas', '76116', 'FRACCIONAMIENTO', 5);
INSERT INTO colonias (nombre, codigoPostal, tipo_asentamiento, delegacion_id) VALUES ('Los Encinos', '76116', 'FRACCIONAMIENTO', 6);
INSERT INTO colonias (nombre, codigoPostal, tipo_asentamiento, delegacion_id) VALUES ('Sierra Colorada', '76116', 'FRACCIONAMIENTO', 6);
INSERT INTO colonias (nombre, codigoPostal, tipo_asentamiento, delegacion_id) VALUES ('Tenochtitlán', '76116', 'COLONIA', 6);
INSERT INTO colonias (nombre, codigoPostal, tipo_asentamiento, delegacion_id) VALUES ('Patria Nueva', '76116', 'COLONIA', 6);
INSERT INTO colonias (nombre, codigoPostal, tipo_asentamiento, delegacion_id) VALUES ('Ampliación Patria Nueva', '76116', 'COLONIA', 6);
INSERT INTO colonias (nombre, codigoPostal, tipo_asentamiento, delegacion_id) VALUES ('Chula Vista I', '76116', 'CONDOMINIO', 5);
INSERT INTO colonias (nombre, codigoPostal, tipo_asentamiento, delegacion_id) VALUES ('Che Guevara (Axayacatl)', '76116', 'COLONIA', 5);
INSERT INTO colonias (nombre, codigoPostal, tipo_asentamiento, delegacion_id) VALUES ('La Loma IX', '76116', 'FRACCIONAMIENTO', 5);
INSERT INTO colonias (nombre, codigoPostal, tipo_asentamiento, delegacion_id) VALUES ('25 de Diciembre', '76116', 'COLONIA', 5);
INSERT INTO colonias (nombre, codigoPostal, tipo_asentamiento, delegacion_id) VALUES ('Geovillas', '76116', 'FRACCIONAMIENTO', 5);
INSERT INTO colonias (nombre, codigoPostal, tipo_asentamiento, delegacion_id) VALUES ('Tenochtitlán II', '76116', 'COLONIA', 5);
INSERT INTO colonias (nombre, codigoPostal, tipo_asentamiento, delegacion_id) VALUES ('Rinconada de las Fuentes', '76116', 'FRACCIONAMIENTO', 5);
INSERT INTO colonias (nombre, codigoPostal, tipo_asentamiento, delegacion_id) VALUES ('Misión de Carrillo', '76116', 'FRACCIONAMIENTO', 5);
INSERT INTO colonias (nombre, codigoPostal, tipo_asentamiento, delegacion_id) VALUES ('Chula Vista II', '76116', 'CONDOMINIO', 5);
INSERT INTO colonias (nombre, codigoPostal, tipo_asentamiento, delegacion_id) VALUES ('Ciudad del Sol', '76116', 'FRACCIONAMIENTO', 6);
INSERT INTO colonias (nombre, codigoPostal, tipo_asentamiento, delegacion_id) VALUES ('Misión de Carrillo II', '76116', 'FRACCIONAMIENTO', 6);
INSERT INTO colonias (nombre, codigoPostal, tipo_asentamiento, delegacion_id) VALUES ('Loma Real', '76116', 'FRACCIONAMIENTO', 6);
INSERT INTO colonias (nombre, codigoPostal, tipo_asentamiento, delegacion_id) VALUES ('Eucaliptos', '76116', 'COLONIA', 4);
INSERT INTO colonias (nombre, codigoPostal, tipo_asentamiento, delegacion_id) VALUES ('Lomas de San Ángel', '76116', 'FRACCIONAMIENTO', 6);
INSERT INTO colonias (nombre, codigoPostal, tipo_asentamiento, delegacion_id) VALUES ('Las Camelinas', '76116', 'COLONIA', 5);
INSERT INTO colonias (nombre, codigoPostal, tipo_asentamiento, delegacion_id) VALUES ('Jardines de Azucenas', '76116', 'COLONIA', 6);
INSERT INTO colonias (nombre, codigoPostal, tipo_asentamiento, delegacion_id) VALUES ('Prados del Rincón 2a. Sección', '76116', 'COLONIA', 6);
INSERT INTO colonias (nombre, codigoPostal, tipo_asentamiento, delegacion_id) VALUES ('La Floresta', '76116', 'COLONIA', 6);
INSERT INTO colonias (nombre, codigoPostal, tipo_asentamiento, delegacion_id) VALUES ('Rinconada del Cerrito', '76116', 'FRACCIONAMIENTO', 6);
INSERT INTO colonias (nombre, codigoPostal, tipo_asentamiento, delegacion_id) VALUES ('Insurgentes', '76117', 'FRACCIONAMIENTO', 5);
INSERT INTO colonias (nombre, codigoPostal, tipo_asentamiento, delegacion_id) VALUES ('San Marcos', '76117', 'COLONIA', 5);
INSERT INTO colonias (nombre, codigoPostal, tipo_asentamiento, delegacion_id) VALUES ('Desarrollo Familiar', '76117', 'COLONIA', 5);
INSERT INTO colonias (nombre, codigoPostal, tipo_asentamiento, delegacion_id) VALUES ('Rubén Jaramillo', '76117', 'COLONIA', 5);
INSERT INTO colonias (nombre, codigoPostal, tipo_asentamiento, delegacion_id) VALUES ('San Pedro Mártir', '76117', 'COLONIA', 5);
INSERT INTO colonias (nombre, codigoPostal, tipo_asentamiento, delegacion_id) VALUES ('Fundadores', '76117', 'FRACCIONAMIENTO', 5);
INSERT INTO colonias (nombre, codigoPostal, tipo_asentamiento, delegacion_id) VALUES ('Colinas de Santa Cruz 1a Sección', '76117', 'COLONIA', 5);
INSERT INTO colonias (nombre, codigoPostal, tipo_asentamiento, delegacion_id) VALUES ('Colinas de Santa Cruz 2a Sección', '76117', 'COLONIA', 5);
INSERT INTO colonias (nombre, codigoPostal, tipo_asentamiento, delegacion_id) VALUES ('Misión Fundadores', '76117', 'FRACCIONAMIENTO', 5);
INSERT INTO colonias (nombre, codigoPostal, tipo_asentamiento, delegacion_id) VALUES ('Prados del Rincón', '76117', 'COLONIA', 5);
INSERT INTO colonias (nombre, codigoPostal, tipo_asentamiento, delegacion_id) VALUES ('Fernando de Tapia', '76117', 'COLONIA', 5);
INSERT INTO colonias (nombre, codigoPostal, tipo_asentamiento, delegacion_id) VALUES ('Pedregal de Buenos Aires', '76117', 'COLONIA', 5);
INSERT INTO colonias (nombre, codigoPostal, tipo_asentamiento, delegacion_id) VALUES ('Jardines del Sol', '76117', 'COLONIA', 5);
INSERT INTO colonias (nombre, codigoPostal, tipo_asentamiento, delegacion_id) VALUES ('San Marcos I', '76117', 'COLONIA', 5);
INSERT INTO colonias (nombre, codigoPostal, tipo_asentamiento, delegacion_id) VALUES ('La Esmeralda', '76117', 'COLONIA', 5);
INSERT INTO colonias (nombre, codigoPostal, tipo_asentamiento, delegacion_id) VALUES ('Laderas de San Pedro', '76117', 'COLONIA', 5);
INSERT INTO colonias (nombre, codigoPostal, tipo_asentamiento, delegacion_id) VALUES ('Comevi', '76117', 'COLONIA', 5);
INSERT INTO colonias (nombre, codigoPostal, tipo_asentamiento, delegacion_id) VALUES ('Francisco Javier Mina', '76117', 'COLONIA', 5);
INSERT INTO colonias (nombre, codigoPostal, tipo_asentamiento, delegacion_id) VALUES ('Centenario', '76117', 'COLONIA', 5);
INSERT INTO colonias (nombre, codigoPostal, tipo_asentamiento, delegacion_id) VALUES ('Francisco Villa I', '76118', 'COLONIA', 5);
INSERT INTO colonias (nombre, codigoPostal, tipo_asentamiento, delegacion_id) VALUES ('Hacienda Mompaní', '76118', 'FRACCIONAMIENTO', 6);
INSERT INTO colonias (nombre, codigoPostal, tipo_asentamiento, delegacion_id) VALUES ('Monte Vesubio', '76118', 'FRACCIONAMIENTO', 5);
INSERT INTO colonias (nombre, codigoPostal, tipo_asentamiento, delegacion_id) VALUES ('Katzura', '76118', 'CONDOMINIO', 5);
INSERT INTO colonias (nombre, codigoPostal, tipo_asentamiento, delegacion_id) VALUES ('Monte Albán', '76118', 'CONDOMINIO', 5);
INSERT INTO colonias (nombre, codigoPostal, tipo_asentamiento, delegacion_id) VALUES ('Monte Verde', '76118', 'CONDOMINIO', 5);
INSERT INTO colonias (nombre, codigoPostal, tipo_asentamiento, delegacion_id) VALUES ('Huertas de Jurica', '76118', 'COLONIA', 5);
INSERT INTO colonias (nombre, codigoPostal, tipo_asentamiento, delegacion_id) VALUES ('Ángeles Mastretta', '76118', 'CONDOMINIO', 5);
INSERT INTO colonias (nombre, codigoPostal, tipo_asentamiento, delegacion_id) VALUES ('Rosendo Salazar', '76118', 'COLONIA', 5);
INSERT INTO colonias (nombre, codigoPostal, tipo_asentamiento, delegacion_id) VALUES ('Morelos', '76118', 'COLONIA', 5);
INSERT INTO colonias (nombre, codigoPostal, tipo_asentamiento, delegacion_id) VALUES ('Francisco Villa II', '76118', 'COLONIA', 5);
INSERT INTO colonias (nombre, codigoPostal, tipo_asentamiento, delegacion_id) VALUES ('Miguel Hidalgo', '76118', 'COLONIA', 5);
INSERT INTO colonias (nombre, codigoPostal, tipo_asentamiento, delegacion_id) VALUES ('Loma Bonita', '76118', 'COLONIA', 5);
INSERT INTO colonias (nombre, codigoPostal, tipo_asentamiento, delegacion_id) VALUES ('10 de Abril', '76118', 'COLONIA', 5);
INSERT INTO colonias (nombre, codigoPostal, tipo_asentamiento, delegacion_id) VALUES ('Independencia', '76118', 'COLONIA', 5);
INSERT INTO colonias (nombre, codigoPostal, tipo_asentamiento, delegacion_id) VALUES ('Libertadores', '76118', 'FRACCIONAMIENTO', 5);
INSERT INTO colonias (nombre, codigoPostal, tipo_asentamiento, delegacion_id) VALUES ('15 de Mayo', '76118', 'COLONIA', 5);
INSERT INTO colonias (nombre, codigoPostal, tipo_asentamiento, delegacion_id) VALUES ('Luis Donaldo Colosio', '76118', 'COLONIA', 5);
INSERT INTO colonias (nombre, codigoPostal, tipo_asentamiento, delegacion_id) VALUES ('Paseos de San Miguel', '76118', 'FRACCIONAMIENTO', 5);
INSERT INTO colonias (nombre, codigoPostal, tipo_asentamiento, delegacion_id) VALUES ('Eduardo Loarca Castillo', '76118', 'FRACCIONAMIENTO', 5);
INSERT INTO colonias (nombre, codigoPostal, tipo_asentamiento, delegacion_id) VALUES ('Jardines de Jurica', '76118', 'FRACCIONAMIENTO', 5);
INSERT INTO colonias (nombre, codigoPostal, tipo_asentamiento, delegacion_id) VALUES ('El Romerillal', '76118', 'COLONIA', 5);
INSERT INTO colonias (nombre, codigoPostal, tipo_asentamiento, delegacion_id) VALUES ('Villas de San Miguel', '76118', 'FRACCIONAMIENTO', 5);
INSERT INTO colonias (nombre, codigoPostal, tipo_asentamiento, delegacion_id) VALUES ('Paraíso', '76118', 'COLONIA', 5);
INSERT INTO colonias (nombre, codigoPostal, tipo_asentamiento, delegacion_id) VALUES ('Revolución', '76118', 'FRACCIONAMIENTO', 5);
INSERT INTO colonias (nombre, codigoPostal, tipo_asentamiento, delegacion_id) VALUES ('Prados de Loma Bonita', '76118', 'COLONIA', 5);
INSERT INTO colonias (nombre, codigoPostal, tipo_asentamiento, delegacion_id) VALUES ('Leyes de Reforma', '76118', 'COLONIA', 5);
INSERT INTO colonias (nombre, codigoPostal, tipo_asentamiento, delegacion_id) VALUES ('El Tepeyac', '76118', 'COLONIA', 5);
INSERT INTO colonias (nombre, codigoPostal, tipo_asentamiento, delegacion_id) VALUES ('San Miguel', '76118', 'FRACCIONAMIENTO', 5);
INSERT INTO colonias (nombre, codigoPostal, tipo_asentamiento, delegacion_id) VALUES ('Real del Marques Residencial', '76118', 'FRACCIONAMIENTO', 5);
INSERT INTO colonias (nombre, codigoPostal, tipo_asentamiento, delegacion_id) VALUES ('5 de Febrero', '76118', 'COLONIA', 5);
INSERT INTO colonias (nombre, codigoPostal, tipo_asentamiento, delegacion_id) VALUES ('Lomas del Pedregal', '76118', 'COLONIA', 5);
INSERT INTO colonias (nombre, codigoPostal, tipo_asentamiento, delegacion_id) VALUES ('Benito Juárez', '76120', 'ZONA INDUSTRIAL', 5);
INSERT INTO colonias (nombre, codigoPostal, tipo_asentamiento, delegacion_id) VALUES ('Parque Microindustrial Santiago', '76120', 'ZONA INDUSTRIAL', 5);
INSERT INTO colonias (nombre, codigoPostal, tipo_asentamiento, delegacion_id) VALUES ('Las Américas', '76121', 'COLONIA', 2);
INSERT INTO colonias (nombre, codigoPostal, tipo_asentamiento, delegacion_id) VALUES ('Las Américas San Pablo', '76121', 'COLONIA', 7);
INSERT INTO colonias (nombre, codigoPostal, tipo_asentamiento, delegacion_id) VALUES ('San Pablo IV (INFONAVIT)', '76121', 'UNIDAD HABITACIONAL', 7);
INSERT INTO colonias (nombre, codigoPostal, tipo_asentamiento, delegacion_id) VALUES ('Conquistadores', '76121', 'COLONIA', 7);
INSERT INTO colonias (nombre, codigoPostal, tipo_asentamiento, delegacion_id) VALUES ('San Pablo III (INFONAVIT)', '76121', 'UNIDAD HABITACIONAL', 7);
INSERT INTO colonias (nombre, codigoPostal, tipo_asentamiento, delegacion_id) VALUES ('Movimiento Obrero', '76121', 'FRACCIONAMIENTO', 7);
INSERT INTO colonias (nombre, codigoPostal, tipo_asentamiento, delegacion_id) VALUES ('Tlanese', '76121', 'COLONIA', 7);
INSERT INTO colonias (nombre, codigoPostal, tipo_asentamiento, delegacion_id) VALUES ('Altos de San Pablo', '76121', 'COLONIA', 7);
INSERT INTO colonias (nombre, codigoPostal, tipo_asentamiento, delegacion_id) VALUES ('Felipe Ángeles', '76121', 'COLONIA', 2);
INSERT INTO colonias (nombre, codigoPostal, tipo_asentamiento, delegacion_id) VALUES ('Puesta del Sol', '76121', 'COLONIA', 7);
INSERT INTO colonias (nombre, codigoPostal, tipo_asentamiento, delegacion_id) VALUES ('La Esperanza', '76121', 'COLONIA', 7);
INSERT INTO colonias (nombre, codigoPostal, tipo_asentamiento, delegacion_id) VALUES ('Nueva Esperanza', '76121', 'COLONIA', 7);
INSERT INTO colonias (nombre, codigoPostal, tipo_asentamiento, delegacion_id) VALUES ('Lomas del Mirador', '76125', 'COLONIA', 7);
INSERT INTO colonias (nombre, codigoPostal, tipo_asentamiento, delegacion_id) VALUES ('Cumbres del Bosque', '76125', 'COLONIA', 7);
INSERT INTO colonias (nombre, codigoPostal, tipo_asentamiento, delegacion_id) VALUES ('Vistas de San Pablo', '76125', 'COLONIA', 7);
INSERT INTO colonias (nombre, codigoPostal, tipo_asentamiento, delegacion_id) VALUES ('Fuentes de San Pablo', '76125', 'COLONIA', 7);
INSERT INTO colonias (nombre, codigoPostal, tipo_asentamiento, delegacion_id) VALUES ('Colinas de San Pablo', '76125', 'COLONIA', 7);
INSERT INTO colonias (nombre, codigoPostal, tipo_asentamiento, delegacion_id) VALUES ('Punta Palermo', '76125', 'FRACCIONAMIENTO', 7);
INSERT INTO colonias (nombre, codigoPostal, tipo_asentamiento, delegacion_id) VALUES ('Quintas Bugambilias', '76125', 'FRACCIONAMIENTO', 7);
INSERT INTO colonias (nombre, codigoPostal, tipo_asentamiento, delegacion_id) VALUES ('San Pablo II (INFONAVIT)', '76125', 'UNIDAD HABITACIONAL', 7);
INSERT INTO colonias (nombre, codigoPostal, tipo_asentamiento, delegacion_id) VALUES ('San Pablo I (INFONAVIT)', '76125', 'UNIDAD HABITACIONAL', 7);
INSERT INTO colonias (nombre, codigoPostal, tipo_asentamiento, delegacion_id) VALUES ('Desarrollo San Pablo II', '76125', 'COLONIA', 7);
INSERT INTO colonias (nombre, codigoPostal, tipo_asentamiento, delegacion_id) VALUES ('Desarrollo San Pablo I', '76125', 'COLONIA', 7);
INSERT INTO colonias (nombre, codigoPostal, tipo_asentamiento, delegacion_id) VALUES ('Terrazas de San Pablo', '76125', 'COLONIA', 7);
INSERT INTO colonias (nombre, codigoPostal, tipo_asentamiento, delegacion_id) VALUES ('Bellavista', '76125', 'FRACCIONAMIENTO', 7);
INSERT INTO colonias (nombre, codigoPostal, tipo_asentamiento, delegacion_id) VALUES ('Los Robles', '76125', 'COLONIA', 7);
INSERT INTO colonias (nombre, codigoPostal, tipo_asentamiento, delegacion_id) VALUES ('Cipreses', '76125', 'COLONIA', 7);
INSERT INTO colonias (nombre, codigoPostal, tipo_asentamiento, delegacion_id) VALUES ('Lomas de San Pablo', '76125', 'FRACCIONAMIENTO', 7);
INSERT INTO colonias (nombre, codigoPostal, tipo_asentamiento, delegacion_id) VALUES ('Sergio Villaseñor', '76125', 'COLONIA', 7);
INSERT INTO colonias (nombre, codigoPostal, tipo_asentamiento, delegacion_id) VALUES ('Jardines de Alborada', '76125', 'COLONIA', 7);
INSERT INTO colonias (nombre, codigoPostal, tipo_asentamiento, delegacion_id) VALUES ('La Condesa', '76125', 'COLONIA', 7);
INSERT INTO colonias (nombre, codigoPostal, tipo_asentamiento, delegacion_id) VALUES ('Balcones de San Pablo', '76125', 'COLONIA', 7);
INSERT INTO colonias (nombre, codigoPostal, tipo_asentamiento, delegacion_id) VALUES ('Nuevo Horizonte', '76125', 'COLONIA', 7);
INSERT INTO colonias (nombre, codigoPostal, tipo_asentamiento, delegacion_id) VALUES ('Valle de San Pablo', '76125', 'COLONIA', 7);
INSERT INTO colonias (nombre, codigoPostal, tipo_asentamiento, delegacion_id) VALUES ('FOVISSSTE San Pablo II', '76125', 'FRACCIONAMIENTO', 7);
INSERT INTO colonias (nombre, codigoPostal, tipo_asentamiento, delegacion_id) VALUES ('Desarrollo San Pablo', '76125', 'UNIDAD HABITACIONAL', 7);
INSERT INTO colonias (nombre, codigoPostal, tipo_asentamiento, delegacion_id) VALUES ('FOVISSSTE San Pablo I', '76125', 'FRACCIONAMIENTO', 7);
INSERT INTO colonias (nombre, codigoPostal, tipo_asentamiento, delegacion_id) VALUES ('Rivera y Tamayo', '76125', 'CONDOMINIO', 7);
INSERT INTO colonias (nombre, codigoPostal, tipo_asentamiento, delegacion_id) VALUES ('Punta San Carlos', '76125', 'FRACCIONAMIENTO', 7);
INSERT INTO colonias (nombre, codigoPostal, tipo_asentamiento, delegacion_id) VALUES ('Misión Bucareli Sur', '76125', 'FRACCIONAMIENTO', 7);
INSERT INTO colonias (nombre, codigoPostal, tipo_asentamiento, delegacion_id) VALUES ('Latinoamericana', '76125', 'COLONIA', 7);
INSERT INTO colonias (nombre, codigoPostal, tipo_asentamiento, delegacion_id) VALUES ('José María Bustamante', '76125', 'COLONIA', 7);
INSERT INTO colonias (nombre, codigoPostal, tipo_asentamiento, delegacion_id) VALUES ('Margaritas', '76125', 'COLONIA', 7);
INSERT INTO colonias (nombre, codigoPostal, tipo_asentamiento, delegacion_id) VALUES ('Proyección 2000', '76125', 'COLONIA', 7);
INSERT INTO colonias (nombre, codigoPostal, tipo_asentamiento, delegacion_id) VALUES ('Desarrollo San Ángel', '76125', 'FRACCIONAMIENTO', 7);
INSERT INTO colonias (nombre, codigoPostal, tipo_asentamiento, delegacion_id) VALUES ('Raquet Club', '76127', 'FRACCIONAMIENTO', 7);
INSERT INTO colonias (nombre, codigoPostal, tipo_asentamiento, delegacion_id) VALUES ('Arco de Piedra', '76127', 'FRACCIONAMIENTO', 7);
INSERT INTO colonias (nombre, codigoPostal, tipo_asentamiento, delegacion_id) VALUES ('Torre de Piedra', '76127', 'FRACCIONAMIENTO', 7);
INSERT INTO colonias (nombre, codigoPostal, tipo_asentamiento, delegacion_id) VALUES ('Laderas del Salitre', '76127', 'COLONIA', 7);
INSERT INTO colonias (nombre, codigoPostal, tipo_asentamiento, delegacion_id) VALUES ('Lomas del Tepeyac', '76127', 'COLONIA', 7);
INSERT INTO colonias (nombre, codigoPostal, tipo_asentamiento, delegacion_id) VALUES ('San Juan', '76127', 'COLONIA', 7);
INSERT INTO colonias (nombre, codigoPostal, tipo_asentamiento, delegacion_id) VALUES ('Granjenal', '76127', 'COLONIA', 7);
INSERT INTO colonias (nombre, codigoPostal, tipo_asentamiento, delegacion_id) VALUES ('Altos del Salitre', '76127', 'COLONIA', 7);
INSERT INTO colonias (nombre, codigoPostal, tipo_asentamiento, delegacion_id) VALUES ('La Herencia Residencial', '76127', 'FRACCIONAMIENTO', 7);
INSERT INTO colonias (nombre, codigoPostal, tipo_asentamiento, delegacion_id) VALUES ('La Carmina', '76127', 'FRACCIONAMIENTO', 7);
INSERT INTO colonias (nombre, codigoPostal, tipo_asentamiento, delegacion_id) VALUES ('El Salitre', '76127', 'COLONIA', 7);
INSERT INTO colonias (nombre, codigoPostal, tipo_asentamiento, delegacion_id) VALUES ('Cuitláhuac', '76127', 'COLONIA', 7);
INSERT INTO colonias (nombre, codigoPostal, tipo_asentamiento, delegacion_id) VALUES ('Parque Industrial Jurica', '76127', 'ZONA INDUSTRIAL', 7);
INSERT INTO colonias (nombre, codigoPostal, tipo_asentamiento, delegacion_id) VALUES ('Palmares', '76127', 'FRACCIONAMIENTO', 7);
INSERT INTO colonias (nombre, codigoPostal, tipo_asentamiento, delegacion_id) VALUES ('Industrial', '76130', 'COLONIA', 5);
INSERT INTO colonias (nombre, codigoPostal, tipo_asentamiento, delegacion_id) VALUES ('Obrera', '76130', 'COLONIA', 5);
INSERT INTO colonias (nombre, codigoPostal, tipo_asentamiento, delegacion_id) VALUES ('El Tintero', '76134', 'COLONIA', 6);
INSERT INTO colonias (nombre, codigoPostal, tipo_asentamiento, delegacion_id) VALUES ('Villas del Tule', '76134', 'FRACCIONAMIENTO', 6);
INSERT INTO colonias (nombre, codigoPostal, tipo_asentamiento, delegacion_id) VALUES ('Privada Bellavista', '76134', 'FRACCIONAMIENTO', 6);
INSERT INTO colonias (nombre, codigoPostal, tipo_asentamiento, delegacion_id) VALUES ('Solidaridad 90', '76134', 'COLONIA', 6);
INSERT INTO colonias (nombre, codigoPostal, tipo_asentamiento, delegacion_id) VALUES ('Plutarco Elías Calles', '76134', 'COLONIA', 6);
INSERT INTO colonias (nombre, codigoPostal, tipo_asentamiento, delegacion_id) VALUES ('El Mirador', '76134', 'FRACCIONAMIENTO', 6);
INSERT INTO colonias (nombre, codigoPostal, tipo_asentamiento, delegacion_id) VALUES ('El Tintero Dos (Las Margaritas)', '76134', 'FRACCIONAMIENTO', 6);
INSERT INTO colonias (nombre, codigoPostal, tipo_asentamiento, delegacion_id) VALUES ('San Sebastián', '76134', 'COLONIA', 6);
INSERT INTO colonias (nombre, codigoPostal, tipo_asentamiento, delegacion_id) VALUES ('Santa Mónica', '76134', 'FRACCIONAMIENTO', 6);
INSERT INTO colonias (nombre, codigoPostal, tipo_asentamiento, delegacion_id) VALUES ('Rancho Bellavista', '76134', 'FRACCIONAMIENTO', 6);
INSERT INTO colonias (nombre, codigoPostal, tipo_asentamiento, delegacion_id) VALUES ('San Antonio de la Punta', '76135', 'COLONIA', 6);
INSERT INTO colonias (nombre, codigoPostal, tipo_asentamiento, delegacion_id) VALUES ('Cuartel General 17/a', '76135', 'ZONA MILITAR', 6);
INSERT INTO colonias (nombre, codigoPostal, tipo_asentamiento, delegacion_id) VALUES ('Santo Niño', '76135', 'FRACCIONAMIENTO', 6);
INSERT INTO colonias (nombre, codigoPostal, tipo_asentamiento, delegacion_id) VALUES ('Las Flores', '76135', 'FRACCIONAMIENTO', 6);
INSERT INTO colonias (nombre, codigoPostal, tipo_asentamiento, delegacion_id) VALUES ('5 de Febrero', '76135', 'UNIDAD HABITACIONAL', 6);
INSERT INTO colonias (nombre, codigoPostal, tipo_asentamiento, delegacion_id) VALUES ('José María Arteaga', '76136', 'COLONIA', 6);
INSERT INTO colonias (nombre, codigoPostal, tipo_asentamiento, delegacion_id) VALUES ('Santa María de los Reyes', '76137', 'RANCHERÍA', 6);
INSERT INTO colonias (nombre, codigoPostal, tipo_asentamiento, delegacion_id) VALUES ('Santa María Magdalena', '76137', 'COLONIA', 6);
INSERT INTO colonias (nombre, codigoPostal, tipo_asentamiento, delegacion_id) VALUES ('San Antonio del Maurel', '76137', 'COLONIA', 6);
INSERT INTO colonias (nombre, codigoPostal, tipo_asentamiento, delegacion_id) VALUES ('La Sierrita', '76137', 'COLONIA', 6);
INSERT INTO colonias (nombre, codigoPostal, tipo_asentamiento, delegacion_id) VALUES ('Fuentes Residencial', '76137', 'FRACCIONAMIENTO', 6);
INSERT INTO colonias (nombre, codigoPostal, tipo_asentamiento, delegacion_id) VALUES ('Jardines del Valle', '76137', 'COLONIA', 6);
INSERT INTO colonias (nombre, codigoPostal, tipo_asentamiento, delegacion_id) VALUES ('La Aurora', '76137', 'FRACCIONAMIENTO', 6);
INSERT INTO colonias (nombre, codigoPostal, tipo_asentamiento, delegacion_id) VALUES ('Santa Magdalena', '76137', 'FRACCIONAMIENTO', 6);
INSERT INTO colonias (nombre, codigoPostal, tipo_asentamiento, delegacion_id) VALUES ('El Chamizal', '76137', 'FRACCIONAMIENTO', 6);
INSERT INTO colonias (nombre, codigoPostal, tipo_asentamiento, delegacion_id) VALUES ('San José 2a Sección', '76137', 'FRACCIONAMIENTO', 6);
INSERT INTO colonias (nombre, codigoPostal, tipo_asentamiento, delegacion_id) VALUES ('Ferrocarriles Sección Rinconada Santa Anita', '76137', 'FRACCIONAMIENTO', 6);
INSERT INTO colonias (nombre, codigoPostal, tipo_asentamiento, delegacion_id) VALUES ('Felipe Carrillo Puerto', '76138', 'COLONIA', 6);
INSERT INTO colonias (nombre, codigoPostal, tipo_asentamiento, delegacion_id) VALUES ('Las Teresas', '76138', 'COLONIA', 6);
INSERT INTO colonias (nombre, codigoPostal, tipo_asentamiento, delegacion_id) VALUES ('El Progreso', '76138', 'COLONIA', 6);
INSERT INTO colonias (nombre, codigoPostal, tipo_asentamiento, delegacion_id) VALUES ('Santa Mónica 1a Sección', '76138', 'FRACCIONAMIENTO', 6);
INSERT INTO colonias (nombre, codigoPostal, tipo_asentamiento, delegacion_id) VALUES ('Juan Diego', '76138', 'COLONIA', 6);
INSERT INTO colonias (nombre, codigoPostal, tipo_asentamiento, delegacion_id) VALUES ('El Arco', '76138', 'FRACCIONAMIENTO', 6);
INSERT INTO colonias (nombre, codigoPostal, tipo_asentamiento, delegacion_id) VALUES ('Nuevo Carrillo', '76138', 'CONDOMINIO', 6);
INSERT INTO colonias (nombre, codigoPostal, tipo_asentamiento, delegacion_id) VALUES ('Santa Mónica 2a Sección', '76138', 'FRACCIONAMIENTO', 6);
INSERT INTO colonias (nombre, codigoPostal, tipo_asentamiento, delegacion_id) VALUES ('Ampolletas', '76138', 'FRACCIONAMIENTO', 6);
INSERT INTO colonias (nombre, codigoPostal, tipo_asentamiento, delegacion_id) VALUES ('Luis Donaldo Colosio', '76138', 'FRACCIONAMIENTO', 6);
INSERT INTO colonias (nombre, codigoPostal, tipo_asentamiento, delegacion_id) VALUES ('Rinconada Zimapán', '76138', 'FRACCIONAMIENTO', 6);
INSERT INTO colonias (nombre, codigoPostal, tipo_asentamiento, delegacion_id) VALUES ('Valle del Mezquital', '76138', 'COLONIA', 6);
INSERT INTO colonias (nombre, codigoPostal, tipo_asentamiento, delegacion_id) VALUES ('El Higo', '76138', 'COLONIA', 6);
INSERT INTO colonias (nombre, codigoPostal, tipo_asentamiento, delegacion_id) VALUES ('Villas de Santa Mónica', '76138', 'FRACCIONAMIENTO', 6);
INSERT INTO colonias (nombre, codigoPostal, tipo_asentamiento, delegacion_id) VALUES ('El Tintero', '76138', 'FRACCIONAMIENTO', 6);
INSERT INTO colonias (nombre, codigoPostal, tipo_asentamiento, delegacion_id) VALUES ('Manuel Jurado', '76139', 'COLONIA', 6);
INSERT INTO colonias (nombre, codigoPostal, tipo_asentamiento, delegacion_id) VALUES ('Los Tabachines', '76139', 'COLONIA', 6);
INSERT INTO colonias (nombre, codigoPostal, tipo_asentamiento, delegacion_id) VALUES ('San José', '76139', 'COLONIA', 6);
INSERT INTO colonias (nombre, codigoPostal, tipo_asentamiento, delegacion_id) VALUES ('San Diego', '76139', 'COLONIA', 6);
INSERT INTO colonias (nombre, codigoPostal, tipo_asentamiento, delegacion_id) VALUES ('Los Laureles', '76139', 'COLONIA', 6);
INSERT INTO colonias (nombre, codigoPostal, tipo_asentamiento, delegacion_id) VALUES ('Carrillo', '76139', 'ZONA INDUSTRIAL', 6);
INSERT INTO colonias (nombre, codigoPostal, tipo_asentamiento, delegacion_id) VALUES ('La Higuera', '76139', 'FRACCIONAMIENTO', 6);
INSERT INTO colonias (nombre, codigoPostal, tipo_asentamiento, delegacion_id) VALUES ('Arboledas', '76140', 'COLONIA', 7);
INSERT INTO colonias (nombre, codigoPostal, tipo_asentamiento, delegacion_id) VALUES ('Balcones Coloniales', '76140', 'COLONIA', 7);
INSERT INTO colonias (nombre, codigoPostal, tipo_asentamiento, delegacion_id) VALUES ('Colinas del Parque', '76140', 'COLONIA', 7);
INSERT INTO colonias (nombre, codigoPostal, tipo_asentamiento, delegacion_id) VALUES ('Álamos del Lago', '76140', 'CONDOMINIO', 7);
INSERT INTO colonias (nombre, codigoPostal, tipo_asentamiento, delegacion_id) VALUES ('Vista 2000', '76140', 'FRACCIONAMIENTO', 7);
INSERT INTO colonias (nombre, codigoPostal, tipo_asentamiento, delegacion_id) VALUES ('Viveros Residencial', '76140', 'FRACCIONAMIENTO', 7);
INSERT INTO colonias (nombre, codigoPostal, tipo_asentamiento, delegacion_id) VALUES ('Villas del Parque', '76140', 'FRACCIONAMIENTO', 7);
INSERT INTO colonias (nombre, codigoPostal, tipo_asentamiento, delegacion_id) VALUES ('Arboledas del Parque', '76140', 'COLONIA', 7);
INSERT INTO colonias (nombre, codigoPostal, tipo_asentamiento, delegacion_id) VALUES ('Privada Arboledas', '76140', 'FRACCIONAMIENTO', 7);
INSERT INTO colonias (nombre, codigoPostal, tipo_asentamiento, delegacion_id) VALUES ('San Pedrito Peñuelas', '76140', 'ZONA INDUSTRIAL', 7);
INSERT INTO colonias (nombre, codigoPostal, tipo_asentamiento, delegacion_id) VALUES ('Parque Querétaro 2000', '76140', 'EQUIPAMIENTO', 7);
INSERT INTO colonias (nombre, codigoPostal, tipo_asentamiento, delegacion_id) VALUES ('Las Plazas', '76140', 'CONDOMINIO', 7);
INSERT INTO colonias (nombre, codigoPostal, tipo_asentamiento, delegacion_id) VALUES ('Cedros Alcatraces', '76140', 'FRACCIONAMIENTO', 7);
INSERT INTO colonias (nombre, codigoPostal, tipo_asentamiento, delegacion_id) VALUES ('Cedros Tilipanes', '76140', 'FRACCIONAMIENTO', 7);
INSERT INTO colonias (nombre, codigoPostal, tipo_asentamiento, delegacion_id) VALUES ('Rancho San Antonio', '76144', 'UNIDAD HABITACIONAL', 3);
INSERT INTO colonias (nombre, codigoPostal, tipo_asentamiento, delegacion_id) VALUES ('Bolaños', '76144', 'COLONIA', 3);
INSERT INTO colonias (nombre, codigoPostal, tipo_asentamiento, delegacion_id) VALUES ('El Pedregal de Querétaro', '76144', 'FRACCIONAMIENTO', 3);
INSERT INTO colonias (nombre, codigoPostal, tipo_asentamiento, delegacion_id) VALUES ('Puerta del Cielo', '76144', 'FRACCIONAMIENTO', 3);
INSERT INTO colonias (nombre, codigoPostal, tipo_asentamiento, delegacion_id) VALUES ('Balcones del Acueducto', '76144', 'FRACCIONAMIENTO', 3);
INSERT INTO colonias (nombre, codigoPostal, tipo_asentamiento, delegacion_id) VALUES ('Lomas del Marqués', '76146', 'COLONIA', 3);
INSERT INTO colonias (nombre, codigoPostal, tipo_asentamiento, delegacion_id) VALUES ('La Vista Residencial', '76146', 'FRACCIONAMIENTO', 3);
INSERT INTO colonias (nombre, codigoPostal, tipo_asentamiento, delegacion_id) VALUES ('La Cima', '76146', 'FRACCIONAMIENTO', 2);
INSERT INTO colonias (nombre, codigoPostal, tipo_asentamiento, delegacion_id) VALUES ('Paseo San Junípero', '76146', 'FRACCIONAMIENTO', 7);
INSERT INTO colonias (nombre, codigoPostal, tipo_asentamiento, delegacion_id) VALUES ('Nuevo Refugio', '76146', 'FRACCIONAMIENTO', 7);
INSERT INTO colonias (nombre, codigoPostal, tipo_asentamiento, delegacion_id) VALUES ('La Espiga', '76146', 'FRACCIONAMIENTO', 7);
INSERT INTO colonias (nombre, codigoPostal, tipo_asentamiento, delegacion_id) VALUES ('Ampliación El Refugio', '76146', 'COLONIA', 7);
INSERT INTO colonias (nombre, codigoPostal, tipo_asentamiento, delegacion_id) VALUES ('Natuur', '76146', 'CONDOMINIO', 7);
INSERT INTO colonias (nombre, codigoPostal, tipo_asentamiento, delegacion_id) VALUES ('Vitea Gardens', '76146', 'CONDOMINIO', 7);
INSERT INTO colonias (nombre, codigoPostal, tipo_asentamiento, delegacion_id) VALUES ('La Sierra Residencial', '76146', 'FRACCIONAMIENTO', 6);
INSERT INTO colonias (nombre, codigoPostal, tipo_asentamiento, delegacion_id) VALUES ('La Ceiba', '76146', 'CONDOMINIO', 6);
INSERT INTO colonias (nombre, codigoPostal, tipo_asentamiento, delegacion_id) VALUES ('Fuentes Residencial', '76146', 'FRACCIONAMIENTO', 3);
INSERT INTO colonias (nombre, codigoPostal, tipo_asentamiento, delegacion_id) VALUES ('Lomas del Campanario', '76146', 'FRACCIONAMIENTO', 3);
INSERT INTO colonias (nombre, codigoPostal, tipo_asentamiento, delegacion_id) VALUES ('Lomas del Campanario I', '76146', 'FRACCIONAMIENTO', 3);
INSERT INTO colonias (nombre, codigoPostal, tipo_asentamiento, delegacion_id) VALUES ('Mirador del Campanario', '76146', 'FRACCIONAMIENTO', 3);
INSERT INTO colonias (nombre, codigoPostal, tipo_asentamiento, delegacion_id) VALUES ('Villa Magna', '76146', 'FRACCIONAMIENTO', 3);
INSERT INTO colonias (nombre, codigoPostal, tipo_asentamiento, delegacion_id) VALUES ('Altos del Marqués', '76146', 'FRACCIONAMIENTO', 3);
INSERT INTO colonias (nombre, codigoPostal, tipo_asentamiento, delegacion_id) VALUES ('El Campanario', '76146', 'FRACCIONAMIENTO', 3);
INSERT INTO colonias (nombre, codigoPostal, tipo_asentamiento, delegacion_id) VALUES ('La Purísima', '76146', 'COLONIA', 3);
INSERT INTO colonias (nombre, codigoPostal, tipo_asentamiento, delegacion_id) VALUES ('Bolaños', '76146', 'COLONIA', 3);
INSERT INTO colonias (nombre, codigoPostal, tipo_asentamiento, delegacion_id) VALUES ('Lomas del Campanario II', '76146', 'FRACCIONAMIENTO', 3);
INSERT INTO colonias (nombre, codigoPostal, tipo_asentamiento, delegacion_id) VALUES ('Residencial El Refugio', '76146', 'FRACCIONAMIENTO', 7);
INSERT INTO colonias (nombre, codigoPostal, tipo_asentamiento, delegacion_id) VALUES ('Villas Palmira', '76146', 'FRACCIONAMIENTO', 3);
INSERT INTO colonias (nombre, codigoPostal, tipo_asentamiento, delegacion_id) VALUES ('Miradores del Marqués', '76146', 'FRACCIONAMIENTO', 3);
INSERT INTO colonias (nombre, codigoPostal, tipo_asentamiento, delegacion_id) VALUES ('Lomas del Campanario III', '76146', 'FRACCIONAMIENTO', 3);
INSERT INTO colonias (nombre, codigoPostal, tipo_asentamiento, delegacion_id) VALUES ('Valles de San José', '76147', 'FRACCIONAMIENTO', 7);
INSERT INTO colonias (nombre, codigoPostal, tipo_asentamiento, delegacion_id) VALUES ('Constituyentes', '76147', 'FRACCIONAMIENTO', 7);
INSERT INTO colonias (nombre, codigoPostal, tipo_asentamiento, delegacion_id) VALUES ('Privalia Ambienta', '76147', 'FRACCIONAMIENTO', 7);
INSERT INTO colonias (nombre, codigoPostal, tipo_asentamiento, delegacion_id) VALUES ('Ejido Menchaca (Los Pinos)', '76147', 'COLONIA', 7);
INSERT INTO colonias (nombre, codigoPostal, tipo_asentamiento, delegacion_id) VALUES ('La Cantera', '76147', 'FRACCIONAMIENTO', 7);
INSERT INTO colonias (nombre, codigoPostal, tipo_asentamiento, delegacion_id) VALUES ('Josefa Ortíz de Domínguez', '76147', 'COLONIA', 7);
INSERT INTO colonias (nombre, codigoPostal, tipo_asentamiento, delegacion_id) VALUES ('Vistas de San José', '76147', 'COLONIA', 7);
INSERT INTO colonias (nombre, codigoPostal, tipo_asentamiento, delegacion_id) VALUES ('Del Bosque', '76147', 'FRACCIONAMIENTO', 7);
INSERT INTO colonias (nombre, codigoPostal, tipo_asentamiento, delegacion_id) VALUES ('La Marquesa', '76147', 'FRACCIONAMIENTO', 7);
INSERT INTO colonias (nombre, codigoPostal, tipo_asentamiento, delegacion_id) VALUES ('Las Fuentes', '76147', 'FRACCIONAMIENTO', 7);
INSERT INTO colonias (nombre, codigoPostal, tipo_asentamiento, delegacion_id) VALUES ('Menchaca I', '76147', 'COLONIA', 7);
INSERT INTO colonias (nombre, codigoPostal, tipo_asentamiento, delegacion_id) VALUES ('Cuauhtémoc', '76147', 'COLONIA', 7);
INSERT INTO colonias (nombre, codigoPostal, tipo_asentamiento, delegacion_id) VALUES ('Victoria Popular', '76147', 'COLONIA', 7);
INSERT INTO colonias (nombre, codigoPostal, tipo_asentamiento, delegacion_id) VALUES ('Rancho Menchaca (Ex-Hacienda Menchaca)', '76147', 'COLONIA', 7);
INSERT INTO colonias (nombre, codigoPostal, tipo_asentamiento, delegacion_id) VALUES ('Menchaca II', '76147', 'COLONIA', 7);
INSERT INTO colonias (nombre, codigoPostal, tipo_asentamiento, delegacion_id) VALUES ('Menchaca III', '76147', 'COLONIA', 7);
INSERT INTO colonias (nombre, codigoPostal, tipo_asentamiento, delegacion_id) VALUES ('San José el Alto', '76147', 'COLONIA', 7);
INSERT INTO colonias (nombre, codigoPostal, tipo_asentamiento, delegacion_id) VALUES ('Colinas de Menchaca', '76147', 'COLONIA', 7);
INSERT INTO colonias (nombre, codigoPostal, tipo_asentamiento, delegacion_id) VALUES ('Mujeres Independientes', '76147', 'COLONIA', 7);
INSERT INTO colonias (nombre, codigoPostal, tipo_asentamiento, delegacion_id) VALUES ('Buenos Aires', '76147', 'COLONIA', 7);
INSERT INTO colonias (nombre, codigoPostal, tipo_asentamiento, delegacion_id) VALUES ('Cinco Halcones', '76147', 'COLONIA', 7);
INSERT INTO colonias (nombre, codigoPostal, tipo_asentamiento, delegacion_id) VALUES ('Independencia', '76147', 'COLONIA', 1);
INSERT INTO colonias (nombre, codigoPostal, tipo_asentamiento, delegacion_id) VALUES ('Diana Laura Rojas', '76147', 'COLONIA', 7);
INSERT INTO colonias (nombre, codigoPostal, tipo_asentamiento, delegacion_id) VALUES ('Nueva Creación', '76147', 'COLONIA', 7);
INSERT INTO colonias (nombre, codigoPostal, tipo_asentamiento, delegacion_id) VALUES ('Real de España', '76147', 'COLONIA', 7);
INSERT INTO colonias (nombre, codigoPostal, tipo_asentamiento, delegacion_id) VALUES ('Santa Fe', '76147', 'COLONIA', 7);
INSERT INTO colonias (nombre, codigoPostal, tipo_asentamiento, delegacion_id) VALUES ('San Felipe', '76147', 'COLONIA', 7);
INSERT INTO colonias (nombre, codigoPostal, tipo_asentamiento, delegacion_id) VALUES ('Libertadores de América', '76147', 'FRACCIONAMIENTO', 7);
INSERT INTO colonias (nombre, codigoPostal, tipo_asentamiento, delegacion_id) VALUES ('Renacimiento', '76147', 'COLONIA', 7);
INSERT INTO colonias (nombre, codigoPostal, tipo_asentamiento, delegacion_id) VALUES ('Lomas de San Miguel', '76147', 'COLONIA', 7);
INSERT INTO colonias (nombre, codigoPostal, tipo_asentamiento, delegacion_id) VALUES ('La Tinaja', '76147', 'COLONIA', 7);
INSERT INTO colonias (nombre, codigoPostal, tipo_asentamiento, delegacion_id) VALUES ('Jardines de San José', '76147', 'COLONIA', 7);
INSERT INTO colonias (nombre, codigoPostal, tipo_asentamiento, delegacion_id) VALUES ('Rancho Quemado', '76147', 'COLONIA', 7);
INSERT INTO colonias (nombre, codigoPostal, tipo_asentamiento, delegacion_id) VALUES ('Villas de San José', '76147', 'COLONIA', 7);
INSERT INTO colonias (nombre, codigoPostal, tipo_asentamiento, delegacion_id) VALUES ('Epigmenio González (El Oasis)', '76147', 'COLONIA', 7);
INSERT INTO colonias (nombre, codigoPostal, tipo_asentamiento, delegacion_id) VALUES ('Los Arroyitos', '76147', 'COLONIA', 7);
INSERT INTO colonias (nombre, codigoPostal, tipo_asentamiento, delegacion_id) VALUES ('La Ladera (Menchaca III)', '76147', 'COLONIA', 7);
INSERT INTO colonias (nombre, codigoPostal, tipo_asentamiento, delegacion_id) VALUES ('Vistana', '76147', 'FRACCIONAMIENTO', 7);
INSERT INTO colonias (nombre, codigoPostal, tipo_asentamiento, delegacion_id) VALUES ('El Arcángel (La Guayina)', '76147', 'COLONIA', 7);
INSERT INTO colonias (nombre, codigoPostal, tipo_asentamiento, delegacion_id) VALUES ('Monarca', '76147', 'COLONIA', 7);
INSERT INTO colonias (nombre, codigoPostal, tipo_asentamiento, delegacion_id) VALUES ('Enrique Burgos (La Rinconada)', '76147', 'COLONIA', 7);
INSERT INTO colonias (nombre, codigoPostal, tipo_asentamiento, delegacion_id) VALUES ('Pedregal de San José', '76147', 'COLONIA', 7);
INSERT INTO colonias (nombre, codigoPostal, tipo_asentamiento, delegacion_id) VALUES ('San Ángel', '76147', 'COLONIA', 7);
INSERT INTO colonias (nombre, codigoPostal, tipo_asentamiento, delegacion_id) VALUES ('Palmas de San José', '76147', 'COLONIA', 7);
INSERT INTO colonias (nombre, codigoPostal, tipo_asentamiento, delegacion_id) VALUES ('Oasis', '76147', 'COLONIA', 7);
INSERT INTO colonias (nombre, codigoPostal, tipo_asentamiento, delegacion_id) VALUES ('Jardines de San José 3a. Sección', '76147', 'COLONIA', 7);
INSERT INTO colonias (nombre, codigoPostal, tipo_asentamiento, delegacion_id) VALUES ('Colinas de Menchaca 2a Sección', '76147', 'COLONIA', 7);
INSERT INTO colonias (nombre, codigoPostal, tipo_asentamiento, delegacion_id) VALUES ('7', '76147', 'COLONIA', 7);
INSERT INTO colonias (nombre, codigoPostal, tipo_asentamiento, delegacion_id) VALUES ('Fray Junípero Serra', '76147', 'FRACCIONAMIENTO', 7);
INSERT INTO colonias (nombre, codigoPostal, tipo_asentamiento, delegacion_id) VALUES ('La Ladera', '76147', 'COLONIA', 7);
INSERT INTO colonias (nombre, codigoPostal, tipo_asentamiento, delegacion_id) VALUES ('Los Huertos', '76147', 'FRACCIONAMIENTO', 7);
INSERT INTO colonias (nombre, codigoPostal, tipo_asentamiento, delegacion_id) VALUES ('Jardines de San José 2a. Sección', '76147', 'COLONIA', 7);
INSERT INTO colonias (nombre, codigoPostal, tipo_asentamiento, delegacion_id) VALUES ('Ignacio Pérez', '76147', 'FRACCIONAMIENTO', 7);
INSERT INTO colonias (nombre, codigoPostal, tipo_asentamiento, delegacion_id) VALUES ('Generación 2000', '76147', 'COLONIA', 7);
INSERT INTO colonias (nombre, codigoPostal, tipo_asentamiento, delegacion_id) VALUES ('Lomas de Menchaca', '76147', 'COLONIA', 7);
INSERT INTO colonias (nombre, codigoPostal, tipo_asentamiento, delegacion_id) VALUES ('Rinconada las Joyas', '76147', 'COLONIA', 7);
INSERT INTO colonias (nombre, codigoPostal, tipo_asentamiento, delegacion_id) VALUES ('Antorchista', '76147', 'COLONIA', 7);
INSERT INTO colonias (nombre, codigoPostal, tipo_asentamiento, delegacion_id) VALUES ('Puerta de Belén', '76148', 'FRACCIONAMIENTO', 7);
INSERT INTO colonias (nombre, codigoPostal, tipo_asentamiento, delegacion_id) VALUES ('Peñuelas', '76148', 'COLONIA', 7);
INSERT INTO colonias (nombre, codigoPostal, tipo_asentamiento, delegacion_id) VALUES ('Misión Bucareli Norte', '76148', 'FRACCIONAMIENTO', 7);
INSERT INTO colonias (nombre, codigoPostal, tipo_asentamiento, delegacion_id) VALUES ('Desarrollo Centro Norte', '76148', 'FRACCIONAMIENTO', 7);
INSERT INTO colonias (nombre, codigoPostal, tipo_asentamiento, delegacion_id) VALUES ('Misión Riviera', '76148', 'FRACCIONAMIENTO', 7);
INSERT INTO colonias (nombre, codigoPostal, tipo_asentamiento, delegacion_id) VALUES ('El Castaño', '76148', 'FRACCIONAMIENTO', 7);
INSERT INTO colonias (nombre, codigoPostal, tipo_asentamiento, delegacion_id) VALUES ('El Castaño II', '76148', 'FRACCIONAMIENTO', 7);
INSERT INTO colonias (nombre, codigoPostal, tipo_asentamiento, delegacion_id) VALUES ('Mallorca', '76148', 'FRACCIONAMIENTO', 7);
INSERT INTO colonias (nombre, codigoPostal, tipo_asentamiento, delegacion_id) VALUES ('Mirador San Xavier', '76148', 'FRACCIONAMIENTO', 7);
INSERT INTO colonias (nombre, codigoPostal, tipo_asentamiento, delegacion_id) VALUES ('Paseos de Milos', '76148', 'FRACCIONAMIENTO', 7);
INSERT INTO colonias (nombre, codigoPostal, tipo_asentamiento, delegacion_id) VALUES ('Nueva Esperanza', '76148', 'COLONIA', 7);
INSERT INTO colonias (nombre, codigoPostal, tipo_asentamiento, delegacion_id) VALUES ('Paseos de Rodas', '76148', 'FRACCIONAMIENTO', 7);
INSERT INTO colonias (nombre, codigoPostal, tipo_asentamiento, delegacion_id) VALUES ('Paseos de Creta', '76148', 'FRACCIONAMIENTO', 7);
INSERT INTO colonias (nombre, codigoPostal, tipo_asentamiento, delegacion_id) VALUES ('Quinta Los Sabinos', '76148', 'CONDOMINIO', 7);
INSERT INTO colonias (nombre, codigoPostal, tipo_asentamiento, delegacion_id) VALUES ('Da Rosa', '76148', 'FRACCIONAMIENTO', 7);
INSERT INTO colonias (nombre, codigoPostal, tipo_asentamiento, delegacion_id) VALUES ('Heberto Castillo', '76148', 'COLONIA', 7);
INSERT INTO colonias (nombre, codigoPostal, tipo_asentamiento, delegacion_id) VALUES ('Floresta', '76148', 'FRACCIONAMIENTO', 7);
INSERT INTO colonias (nombre, codigoPostal, tipo_asentamiento, delegacion_id) VALUES ('Portal de Santiago', '76148', 'FRACCIONAMIENTO', 7);
INSERT INTO colonias (nombre, codigoPostal, tipo_asentamiento, delegacion_id) VALUES ('Las Maravillas', '76148', 'COLONIA', 7);
INSERT INTO colonias (nombre, codigoPostal, tipo_asentamiento, delegacion_id) VALUES ('El Monte', '76148', 'FRACCIONAMIENTO', 7);
INSERT INTO colonias (nombre, codigoPostal, tipo_asentamiento, delegacion_id) VALUES ('Terrazas del Mirador', '76148', 'FRACCIONAMIENTO', 7);
INSERT INTO colonias (nombre, codigoPostal, tipo_asentamiento, delegacion_id) VALUES ('Lomas de San Pedrito', '76148', 'COLONIA', 7);
INSERT INTO colonias (nombre, codigoPostal, tipo_asentamiento, delegacion_id) VALUES ('Amalia Solórzano', '76148', 'COLONIA', 7);
INSERT INTO colonias (nombre, codigoPostal, tipo_asentamiento, delegacion_id) VALUES ('Los Sabinos', '76148', 'COLONIA', 7);
INSERT INTO colonias (nombre, codigoPostal, tipo_asentamiento, delegacion_id) VALUES ('San Pedrito Ecológico', '76148', 'COLONIA', 7);
INSERT INTO colonias (nombre, codigoPostal, tipo_asentamiento, delegacion_id) VALUES ('Ricardo Flores Magón', '76148', 'COLONIA', 7);
INSERT INTO colonias (nombre, codigoPostal, tipo_asentamiento, delegacion_id) VALUES ('San Pedrito Peñuelas I', '76148', 'COLONIA', 7);
INSERT INTO colonias (nombre, codigoPostal, tipo_asentamiento, delegacion_id) VALUES ('San Pedrito Peñuelas II', '76148', 'COLONIA', 7);
INSERT INTO colonias (nombre, codigoPostal, tipo_asentamiento, delegacion_id) VALUES ('San Pedrito Peñuelas III', '76148', 'COLONIA', 7);
INSERT INTO colonias (nombre, codigoPostal, tipo_asentamiento, delegacion_id) VALUES ('San Pedrito Peñuelas IV', '76148', 'COLONIA', 7);
INSERT INTO colonias (nombre, codigoPostal, tipo_asentamiento, delegacion_id) VALUES ('Libertad', '76148', 'COLONIA', 7);
INSERT INTO colonias (nombre, codigoPostal, tipo_asentamiento, delegacion_id) VALUES ('Lomas de San Pedrito (Sección Portales)', '76148', 'COLONIA', 7);
INSERT INTO colonias (nombre, codigoPostal, tipo_asentamiento, delegacion_id) VALUES ('Reforma Agraria Radical', '76148', 'COLONIA', 7);
INSERT INTO colonias (nombre, codigoPostal, tipo_asentamiento, delegacion_id) VALUES ('Villas de Santiago', '76148', 'COLONIA', 7);
INSERT INTO colonias (nombre, codigoPostal, tipo_asentamiento, delegacion_id) VALUES ('Cuesta Azul', '76148', 'COLONIA', 7);
INSERT INTO colonias (nombre, codigoPostal, tipo_asentamiento, delegacion_id) VALUES ('San Pedrito los Arcos', '76148', 'FRACCIONAMIENTO', 7);
INSERT INTO colonias (nombre, codigoPostal, tipo_asentamiento, delegacion_id) VALUES ('El Parque', '76148', 'FRACCIONAMIENTO', 7);
INSERT INTO colonias (nombre, codigoPostal, tipo_asentamiento, delegacion_id) VALUES ('Unidad Nacional', '76148', 'COLONIA', 7);
INSERT INTO colonias (nombre, codigoPostal, tipo_asentamiento, delegacion_id) VALUES ('Belén', '76148', 'FRACCIONAMIENTO', 7);
INSERT INTO colonias (nombre, codigoPostal, tipo_asentamiento, delegacion_id) VALUES ('El Vergel', '76148', 'COLONIA', 7);
INSERT INTO colonias (nombre, codigoPostal, tipo_asentamiento, delegacion_id) VALUES ('Los Padilla', '76148', 'COLONIA', 7);
INSERT INTO colonias (nombre, codigoPostal, tipo_asentamiento, delegacion_id) VALUES ('Eurípides', '76148', 'FRACCIONAMIENTO', 7);
INSERT INTO colonias (nombre, codigoPostal, tipo_asentamiento, delegacion_id) VALUES ('Villas Fontana', '76148', 'FRACCIONAMIENTO', 7);
INSERT INTO colonias (nombre, codigoPostal, tipo_asentamiento, delegacion_id) VALUES ('Los Ciruelos', '76148', 'FRACCIONAMIENTO', 7);
INSERT INTO colonias (nombre, codigoPostal, tipo_asentamiento, delegacion_id) VALUES ('Jardines de Santiago', '76148', 'FRACCIONAMIENTO', 7);
INSERT INTO colonias (nombre, codigoPostal, tipo_asentamiento, delegacion_id) VALUES ('Bosques de la Hacienda', '76148', 'COLONIA', 7);
INSERT INTO colonias (nombre, codigoPostal, tipo_asentamiento, delegacion_id) VALUES ('Bosques de Buenavista', '76148', 'COLONIA', 7);
INSERT INTO colonias (nombre, codigoPostal, tipo_asentamiento, delegacion_id) VALUES ('Ampliación Amalia Solórzano', '76148', 'COLONIA', 7);
INSERT INTO colonias (nombre, codigoPostal, tipo_asentamiento, delegacion_id) VALUES ('Paseos del Pedregal', '76148', 'COLONIA', 7);
INSERT INTO colonias (nombre, codigoPostal, tipo_asentamiento, delegacion_id) VALUES ('Colinas de San Pablo', '76148', 'COLONIA', 7);
INSERT INTO colonias (nombre, codigoPostal, tipo_asentamiento, delegacion_id) VALUES ('Nuevo San Pedrito', '76148', 'COLONIA', 7);
INSERT INTO colonias (nombre, codigoPostal, tipo_asentamiento, delegacion_id) VALUES ('Paseos de la Cuesta', '76148', 'FRACCIONAMIENTO', 7);
INSERT INTO colonias (nombre, codigoPostal, tipo_asentamiento, delegacion_id) VALUES ('La Rueca', '76148', 'FRACCIONAMIENTO', 7);
INSERT INTO colonias (nombre, codigoPostal, tipo_asentamiento, delegacion_id) VALUES ('Valle de San Pedrito Peñuelas', '76148', 'FRACCIONAMIENTO', 7);
INSERT INTO colonias (nombre, codigoPostal, tipo_asentamiento, delegacion_id) VALUES ('Anexo a la Ecólogia', '76148', 'COLONIA', 7);
INSERT INTO colonias (nombre, codigoPostal, tipo_asentamiento, delegacion_id) VALUES ('La Ladera', '76148', 'COLONIA', 7);
INSERT INTO colonias (nombre, codigoPostal, tipo_asentamiento, delegacion_id) VALUES ('Alameda Residencial', '76148', 'FRACCIONAMIENTO', 7);
INSERT INTO colonias (nombre, codigoPostal, tipo_asentamiento, delegacion_id) VALUES ('Orion', '76148', 'CONDOMINIO', 7);
INSERT INTO colonias (nombre, codigoPostal, tipo_asentamiento, delegacion_id) VALUES ('Jardines de Villas de Santiago', '76148', 'FRACCIONAMIENTO', 7);
INSERT INTO colonias (nombre, codigoPostal, tipo_asentamiento, delegacion_id) VALUES ('Bosques de Iturbide', '76148', 'COLONIA', 7);
INSERT INTO colonias (nombre, codigoPostal, tipo_asentamiento, delegacion_id) VALUES ('Rincones del Parque', '76148', 'FRACCIONAMIENTO', 7);
INSERT INTO colonias (nombre, codigoPostal, tipo_asentamiento, delegacion_id) VALUES ('Misión San Jerónimo', '76149', 'FRACCIONAMIENTO', 7);
INSERT INTO colonias (nombre, codigoPostal, tipo_asentamiento, delegacion_id) VALUES ('Misión de Concá', '76149', 'FRACCIONAMIENTO', 7);
INSERT INTO colonias (nombre, codigoPostal, tipo_asentamiento, delegacion_id) VALUES ('Constituyentes FOVISSSTE', '76150', 'UNIDAD HABITACIONAL', 2);
INSERT INTO colonias (nombre, codigoPostal, tipo_asentamiento, delegacion_id) VALUES ('La Estación F.F.C.C.', '76150', 'EQUIPAMIENTO', 2);
INSERT INTO colonias (nombre, codigoPostal, tipo_asentamiento, delegacion_id) VALUES ('La Florida', '76150', 'COLONIA', 2);
INSERT INTO colonias (nombre, codigoPostal, tipo_asentamiento, delegacion_id) VALUES ('La Era', '76150', 'COLONIA', 2);
INSERT INTO colonias (nombre, codigoPostal, tipo_asentamiento, delegacion_id) VALUES ('La Piedad', '76150', 'COLONIA', 2);
INSERT INTO colonias (nombre, codigoPostal, tipo_asentamiento, delegacion_id) VALUES ('Los Alcanfores', '76150', 'COLONIA', 2);
INSERT INTO colonias (nombre, codigoPostal, tipo_asentamiento, delegacion_id) VALUES ('Los Fresnos', '76150', 'COLONIA', 2);
INSERT INTO colonias (nombre, codigoPostal, tipo_asentamiento, delegacion_id) VALUES ('Los Molinos', '76150', 'COLONIA', 2);
INSERT INTO colonias (nombre, codigoPostal, tipo_asentamiento, delegacion_id) VALUES ('Molinos de la Era', '76150', 'COLONIA', 2);
INSERT INTO colonias (nombre, codigoPostal, tipo_asentamiento, delegacion_id) VALUES ('La Popular', '76150', 'UNIDAD HABITACIONAL', 2);
INSERT INTO colonias (nombre, codigoPostal, tipo_asentamiento, delegacion_id) VALUES ('San Roque', '76150', 'COLONIA', 2);
INSERT INTO colonias (nombre, codigoPostal, tipo_asentamiento, delegacion_id) VALUES ('Los Alcanfores Sección Sur', '76150', 'EQUIPAMIENTO', 2);
INSERT INTO colonias (nombre, codigoPostal, tipo_asentamiento, delegacion_id) VALUES ('Rinconada los Pirules', '76150', 'FRACCIONAMIENTO', 2);
INSERT INTO colonias (nombre, codigoPostal, tipo_asentamiento, delegacion_id) VALUES ('Parque Industrial la Montaña', '76150', 'ZONA INDUSTRIAL', 2);
INSERT INTO colonias (nombre, codigoPostal, tipo_asentamiento, delegacion_id) VALUES ('Felipe Ángeles', '76150', 'CONDOMINIO', 2);
INSERT INTO colonias (nombre, codigoPostal, tipo_asentamiento, delegacion_id) VALUES ('San Pablo Tecnológico', '76150', 'FRACCIONAMIENTO', 2);
INSERT INTO colonias (nombre, codigoPostal, tipo_asentamiento, delegacion_id) VALUES ('Villas Tecnológico', '76150', 'COLONIA', 2);
INSERT INTO colonias (nombre, codigoPostal, tipo_asentamiento, delegacion_id) VALUES ('Los Vitrales', '76150', 'COLONIA', 2);
INSERT INTO colonias (nombre, codigoPostal, tipo_asentamiento, delegacion_id) VALUES ('Tecnológico 2000', '76150', 'UNIDAD HABITACIONAL', 2);
INSERT INTO colonias (nombre, codigoPostal, tipo_asentamiento, delegacion_id) VALUES ('Géminis', '76150', 'FRACCIONAMIENTO', 2);
INSERT INTO colonias (nombre, codigoPostal, tipo_asentamiento, delegacion_id) VALUES ('San Roque', '76150', 'UNIDAD HABITACIONAL', 2);
INSERT INTO colonias (nombre, codigoPostal, tipo_asentamiento, delegacion_id) VALUES ('Los Alcanfores Sección Norte', '76150', 'EQUIPAMIENTO', 2);
INSERT INTO colonias (nombre, codigoPostal, tipo_asentamiento, delegacion_id) VALUES ('El Fenix', '76150', 'COLONIA', 2);
INSERT INTO colonias (nombre, codigoPostal, tipo_asentamiento, delegacion_id) VALUES ('Asalias', '76150', 'COLONIA', 2);
INSERT INTO colonias (nombre, codigoPostal, tipo_asentamiento, delegacion_id) VALUES ('Las Palomas', '76150', 'FRACCIONAMIENTO', 2);
INSERT INTO colonias (nombre, codigoPostal, tipo_asentamiento, delegacion_id) VALUES ('Sauces', '76150', 'FRACCIONAMIENTO', 2);
INSERT INTO colonias (nombre, codigoPostal, tipo_asentamiento, delegacion_id) VALUES ('Bugambilias', '76150', 'FRACCIONAMIENTO', 2);
INSERT INTO colonias (nombre, codigoPostal, tipo_asentamiento, delegacion_id) VALUES ('Rinconada San José', '76150', 'FRACCIONAMIENTO', 2);
INSERT INTO colonias (nombre, codigoPostal, tipo_asentamiento, delegacion_id) VALUES ('El Retablo', '76154', 'COLONIA', 2);
INSERT INTO colonias (nombre, codigoPostal, tipo_asentamiento, delegacion_id) VALUES ('Viveros de Querétaro', '76155', 'COLONIA', 2);
INSERT INTO colonias (nombre, codigoPostal, tipo_asentamiento, delegacion_id) VALUES ('Constituyentes de 1824', '76156', 'COLONIA', 2);
INSERT INTO colonias (nombre, codigoPostal, tipo_asentamiento, delegacion_id) VALUES ('Los Eucaliptos', '76156', 'COLONIA', 2);
INSERT INTO colonias (nombre, codigoPostal, tipo_asentamiento, delegacion_id) VALUES ('San Gregorio', '76156', 'COLONIA', 2);
INSERT INTO colonias (nombre, codigoPostal, tipo_asentamiento, delegacion_id) VALUES ('Santa Catarina', '76157', 'COLONIA', 2);
INSERT INTO colonias (nombre, codigoPostal, tipo_asentamiento, delegacion_id) VALUES ('España', '76158', 'COLONIA', 2);
INSERT INTO colonias (nombre, codigoPostal, tipo_asentamiento, delegacion_id) VALUES ('Las Peñitas', '76158', 'COLONIA', 2);
INSERT INTO colonias (nombre, codigoPostal, tipo_asentamiento, delegacion_id) VALUES ('El Porvenir', '76158', 'COLONIA', 2);
INSERT INTO colonias (nombre, codigoPostal, tipo_asentamiento, delegacion_id) VALUES ('Tecnológico', '76158', 'COLONIA', 2);
INSERT INTO colonias (nombre, codigoPostal, tipo_asentamiento, delegacion_id) VALUES ('Rinconada Pirules II', '76158', 'FRACCIONAMIENTO', 2);
INSERT INTO colonias (nombre, codigoPostal, tipo_asentamiento, delegacion_id) VALUES ('Parques', '76158', 'FRACCIONAMIENTO', 2);
INSERT INTO colonias (nombre, codigoPostal, tipo_asentamiento, delegacion_id) VALUES ('Las Peñas', '76158', 'FRACCIONAMIENTO', 2);
INSERT INTO colonias (nombre, codigoPostal, tipo_asentamiento, delegacion_id) VALUES ('Departamental Parques', '76158', 'FRACCIONAMIENTO', 2);
INSERT INTO colonias (nombre, codigoPostal, tipo_asentamiento, delegacion_id) VALUES ('Prados del Tecnológico', '76158', 'FRACCIONAMIENTO', 2);
INSERT INTO colonias (nombre, codigoPostal, tipo_asentamiento, delegacion_id) VALUES ('Los Faroles', '76158', 'FRACCIONAMIENTO', 2);
INSERT INTO colonias (nombre, codigoPostal, tipo_asentamiento, delegacion_id) VALUES ('Real del Parque', '76158', 'UNIDAD HABITACIONAL', 2);
INSERT INTO colonias (nombre, codigoPostal, tipo_asentamiento, delegacion_id) VALUES ('Conjunto Victoria', '76158', 'FRACCIONAMIENTO', 2);
INSERT INTO colonias (nombre, codigoPostal, tipo_asentamiento, delegacion_id) VALUES ('San Pablo', '76159', 'COLONIA', 2);
INSERT INTO colonias (nombre, codigoPostal, tipo_asentamiento, delegacion_id) VALUES ('Los Girasoles', '76159', 'COLONIA', 2);
INSERT INTO colonias (nombre, codigoPostal, tipo_asentamiento, delegacion_id) VALUES ('Rinconada San Joaquín', '76159', 'FRACCIONAMIENTO', 2);
INSERT INTO colonias (nombre, codigoPostal, tipo_asentamiento, delegacion_id) VALUES ('Real Jurica', '76159', 'FRACCIONAMIENTO', 2);
INSERT INTO colonias (nombre, codigoPostal, tipo_asentamiento, delegacion_id) VALUES ('La Cima', '76159', 'FRACCIONAMIENTO', 2);
INSERT INTO colonias (nombre, codigoPostal, tipo_asentamiento, delegacion_id) VALUES ('Balcón Campestre', '76159', 'FRACCIONAMIENTO', 2);
INSERT INTO colonias (nombre, codigoPostal, tipo_asentamiento, delegacion_id) VALUES ('Querétaro', '76159', 'FRACCIONAMIENTO', 2);
INSERT INTO colonias (nombre, codigoPostal, tipo_asentamiento, delegacion_id) VALUES ('Fresnos', '76159', 'FRACCIONAMIENTO', 2);
INSERT INTO colonias (nombre, codigoPostal, tipo_asentamiento, delegacion_id) VALUES ('Parque Industrial 5 de Febrero', '76159', 'ZONA INDUSTRIAL', 2);
INSERT INTO colonias (nombre, codigoPostal, tipo_asentamiento, delegacion_id) VALUES ('Real de San Pablo', '76159', 'FRACCIONAMIENTO', 2);
INSERT INTO colonias (nombre, codigoPostal, tipo_asentamiento, delegacion_id) VALUES ('Álamos 1a Sección', '76160', 'FRACCIONAMIENTO', 2);
INSERT INTO colonias (nombre, codigoPostal, tipo_asentamiento, delegacion_id) VALUES ('Álamos 2a Sección', '76160', 'FRACCIONAMIENTO', 2);
INSERT INTO colonias (nombre, codigoPostal, tipo_asentamiento, delegacion_id) VALUES ('Álamos 3a Sección', '76160', 'COLONIA', 2);
INSERT INTO colonias (nombre, codigoPostal, tipo_asentamiento, delegacion_id) VALUES ('El Cerrito', '76160', 'COLONIA', 2);
INSERT INTO colonias (nombre, codigoPostal, tipo_asentamiento, delegacion_id) VALUES ('El Tepetate', '76160', 'COLONIA', 2);
INSERT INTO colonias (nombre, codigoPostal, tipo_asentamiento, delegacion_id) VALUES ('Las Brujas', '76160', 'COLONIA', 2);
INSERT INTO colonias (nombre, codigoPostal, tipo_asentamiento, delegacion_id) VALUES ('Las Hadas', '76160', 'COLONIA', 2);
INSERT INTO colonias (nombre, codigoPostal, tipo_asentamiento, delegacion_id) VALUES ('Residencial Parque del Álamo', '76160', 'FRACCIONAMIENTO', 2);
INSERT INTO colonias (nombre, codigoPostal, tipo_asentamiento, delegacion_id) VALUES ('Privada Bugambilias', '76160', 'COLONIA', 2);
INSERT INTO colonias (nombre, codigoPostal, tipo_asentamiento, delegacion_id) VALUES ('Romy', '76160', 'COLONIA', 2);
INSERT INTO colonias (nombre, codigoPostal, tipo_asentamiento, delegacion_id) VALUES ('Montecarlo', '76160', 'CONDOMINIO', 2);
INSERT INTO colonias (nombre, codigoPostal, tipo_asentamiento, delegacion_id) VALUES ('Rinconada de los Alamos', '76160', 'FRACCIONAMIENTO', 2);
INSERT INTO colonias (nombre, codigoPostal, tipo_asentamiento, delegacion_id) VALUES ('Las Rosas', '76164', 'COLONIA', 2);
INSERT INTO colonias (nombre, codigoPostal, tipo_asentamiento, delegacion_id) VALUES ('Nacozari', '76165', 'UNIDAD HABITACIONAL', 2);
INSERT INTO colonias (nombre, codigoPostal, tipo_asentamiento, delegacion_id) VALUES ('Los Cedros', '76165', 'COLONIA', 2);
INSERT INTO colonias (nombre, codigoPostal, tipo_asentamiento, delegacion_id) VALUES ('Margaritas', '76165', 'COLONIA', 2);
INSERT INTO colonias (nombre, codigoPostal, tipo_asentamiento, delegacion_id) VALUES ('San Sebastián', '76165', 'COLONIA', 2);
INSERT INTO colonias (nombre, codigoPostal, tipo_asentamiento, delegacion_id) VALUES ('Guadalupe Victoria (SAHOP)', '76165', 'COLONIA', 2);
INSERT INTO colonias (nombre, codigoPostal, tipo_asentamiento, delegacion_id) VALUES ('Los Claustros', '76165', 'FRACCIONAMIENTO', 2);
INSERT INTO colonias (nombre, codigoPostal, tipo_asentamiento, delegacion_id) VALUES ('La Trinidad', '76166', 'COLONIA', 2);
INSERT INTO colonias (nombre, codigoPostal, tipo_asentamiento, delegacion_id) VALUES ('Las Gemas', '76168', 'COLONIA', 2);
INSERT INTO colonias (nombre, codigoPostal, tipo_asentamiento, delegacion_id) VALUES ('Lindavista', '76168', 'COLONIA', 2);
INSERT INTO colonias (nombre, codigoPostal, tipo_asentamiento, delegacion_id) VALUES ('Industria del Hierro', '76168', 'COLONIA', 2);
INSERT INTO colonias (nombre, codigoPostal, tipo_asentamiento, delegacion_id) VALUES ('Rinconada Jacarandas', '76168', 'FRACCIONAMIENTO', 2);
INSERT INTO colonias (nombre, codigoPostal, tipo_asentamiento, delegacion_id) VALUES ('Quinta la Laborcilla', '76168', 'COLONIA', 2);
INSERT INTO colonias (nombre, codigoPostal, tipo_asentamiento, delegacion_id) VALUES ('Claustros del Parque', '76168', 'FRACCIONAMIENTO', 2);
INSERT INTO colonias (nombre, codigoPostal, tipo_asentamiento, delegacion_id) VALUES ('Lomas de Lindavista', '76168', 'FRACCIONAMIENTO', 2);
INSERT INTO colonias (nombre, codigoPostal, tipo_asentamiento, delegacion_id) VALUES ('Mega Plaza', '76168', 'ZONA COMERCIAL', 2);
INSERT INTO colonias (nombre, codigoPostal, tipo_asentamiento, delegacion_id) VALUES ('Residencial Bosques', '76168', 'CONDOMINIO', 2);
INSERT INTO colonias (nombre, codigoPostal, tipo_asentamiento, delegacion_id) VALUES ('Plaza del Parque', '76169', 'ZONA COMERCIAL', 2);
INSERT INTO colonias (nombre, codigoPostal, tipo_asentamiento, delegacion_id) VALUES ('Plaza Boulevares', '76169', 'ZONA COMERCIAL', 2);
INSERT INTO colonias (nombre, codigoPostal, tipo_asentamiento, delegacion_id) VALUES ('Privada la Laborcilla', '76169', 'UNIDAD HABITACIONAL', 2);
INSERT INTO colonias (nombre, codigoPostal, tipo_asentamiento, delegacion_id) VALUES ('La Capilla', '76170', 'COLONIA', 6);
INSERT INTO colonias (nombre, codigoPostal, tipo_asentamiento, delegacion_id) VALUES ('Eucaliptos I', '76170', 'COLONIA', 6);
INSERT INTO colonias (nombre, codigoPostal, tipo_asentamiento, delegacion_id) VALUES ('Eucaliptos II', '76170', 'COLONIA', 6);
INSERT INTO colonias (nombre, codigoPostal, tipo_asentamiento, delegacion_id) VALUES ('Eucaliptos III', '76170', 'COLONIA', 6);
INSERT INTO colonias (nombre, codigoPostal, tipo_asentamiento, delegacion_id) VALUES ('Los Virreyes', '76175', 'COLONIA', 6);
INSERT INTO colonias (nombre, codigoPostal, tipo_asentamiento, delegacion_id) VALUES ('Prados de la Capilla', '76176', 'COLONIA', 6);
INSERT INTO colonias (nombre, codigoPostal, tipo_asentamiento, delegacion_id) VALUES ('Residencial Gema', '76177', 'FRACCIONAMIENTO', 6);
INSERT INTO colonias (nombre, codigoPostal, tipo_asentamiento, delegacion_id) VALUES ('Galindas Residencial', '76177', 'FRACCIONAMIENTO', 6);
INSERT INTO colonias (nombre, codigoPostal, tipo_asentamiento, delegacion_id) VALUES ('Modelo', '76177', 'COLONIA', 6);
INSERT INTO colonias (nombre, codigoPostal, tipo_asentamiento, delegacion_id) VALUES ('Granja las Torres', '76177', 'COLONIA', 6);
INSERT INTO colonias (nombre, codigoPostal, tipo_asentamiento, delegacion_id) VALUES ('Venezziano', '76177', 'FRACCIONAMIENTO', 6);
INSERT INTO colonias (nombre, codigoPostal, tipo_asentamiento, delegacion_id) VALUES ('Villas de la Carambada', '76177', 'FRACCIONAMIENTO', 6);
INSERT INTO colonias (nombre, codigoPostal, tipo_asentamiento, delegacion_id) VALUES ('La Capilla', '76177', 'FRACCIONAMIENTO', 6);
INSERT INTO colonias (nombre, codigoPostal, tipo_asentamiento, delegacion_id) VALUES ('La Carambada', '76177', 'FRACCIONAMIENTO', 6);
INSERT INTO colonias (nombre, codigoPostal, tipo_asentamiento, delegacion_id) VALUES ('Residencial Frondoso', '76177', 'FRACCIONAMIENTO', 6);
INSERT INTO colonias (nombre, codigoPostal, tipo_asentamiento, delegacion_id) VALUES ('Carolina', '76177', 'FRACCIONAMIENTO', 6);
INSERT INTO colonias (nombre, codigoPostal, tipo_asentamiento, delegacion_id) VALUES ('Demetrio Vallejo', '76177', 'COLONIA', 6);
INSERT INTO colonias (nombre, codigoPostal, tipo_asentamiento, delegacion_id) VALUES ('Frida Kahlo', '76177', 'COLONIA', 6);
INSERT INTO colonias (nombre, codigoPostal, tipo_asentamiento, delegacion_id) VALUES ('Residencial La Gloria', '76177', 'FRACCIONAMIENTO', 6);
INSERT INTO colonias (nombre, codigoPostal, tipo_asentamiento, delegacion_id) VALUES ('Villas de San Antonio', '76177', 'FRACCIONAMIENTO', 6);
INSERT INTO colonias (nombre, codigoPostal, tipo_asentamiento, delegacion_id) VALUES ('Residencial Villa Jardín', '76177', 'FRACCIONAMIENTO', 6);
INSERT INTO colonias (nombre, codigoPostal, tipo_asentamiento, delegacion_id) VALUES ('Residencial la Toscana', '76177', 'FRACCIONAMIENTO', 6);
INSERT INTO colonias (nombre, codigoPostal, tipo_asentamiento, delegacion_id) VALUES ('Provincia Santa Elena', '76177', 'FRACCIONAMIENTO', 6);
INSERT INTO colonias (nombre, codigoPostal, tipo_asentamiento, delegacion_id) VALUES ('Hacienda Galindo', '76177', 'FRACCIONAMIENTO', 6);
INSERT INTO colonias (nombre, codigoPostal, tipo_asentamiento, delegacion_id) VALUES ('Ensueño', '76178', 'COLONIA', 6);
INSERT INTO colonias (nombre, codigoPostal, tipo_asentamiento, delegacion_id) VALUES ('Villa Las Arboledas', '76178', 'COLONIA', 6);
INSERT INTO colonias (nombre, codigoPostal, tipo_asentamiento, delegacion_id) VALUES ('El Rosario', '76178', 'COLONIA', 6);
INSERT INTO colonias (nombre, codigoPostal, tipo_asentamiento, delegacion_id) VALUES ('Villa Las Arboledas', '76178', 'CONDOMINIO', 6);
INSERT INTO colonias (nombre, codigoPostal, tipo_asentamiento, delegacion_id) VALUES ('La Reja', '76178', 'COLONIA', 6);
INSERT INTO colonias (nombre, codigoPostal, tipo_asentamiento, delegacion_id) VALUES ('La Sandía', '76178', 'COLONIA', 6);
INSERT INTO colonias (nombre, codigoPostal, tipo_asentamiento, delegacion_id) VALUES ('Residencial los Ángeles', '76178', 'FRACCIONAMIENTO', 6);
INSERT INTO colonias (nombre, codigoPostal, tipo_asentamiento, delegacion_id) VALUES ('Santiago', '76179', 'COLONIA', 6);
INSERT INTO colonias (nombre, codigoPostal, tipo_asentamiento, delegacion_id) VALUES ('El Sillar', '76179', 'COLONIA', 6);
INSERT INTO colonias (nombre, codigoPostal, tipo_asentamiento, delegacion_id) VALUES ('Residencial Italia', '76179', 'FRACCIONAMIENTO', 6);
INSERT INTO colonias (nombre, codigoPostal, tipo_asentamiento, delegacion_id) VALUES ('Quinta Alicia', '76179', 'FRACCIONAMIENTO', 6);
INSERT INTO colonias (nombre, codigoPostal, tipo_asentamiento, delegacion_id) VALUES ('Comisión Estatal de Aguas', '76179', 'EQUIPAMIENTO', 6);
INSERT INTO colonias (nombre, codigoPostal, tipo_asentamiento, delegacion_id) VALUES ('El Jacal', '76180', 'FRACCIONAMIENTO', 6);
INSERT INTO colonias (nombre, codigoPostal, tipo_asentamiento, delegacion_id) VALUES ('Jardines de la Hacienda', '76180', 'COLONIA', 6);
INSERT INTO colonias (nombre, codigoPostal, tipo_asentamiento, delegacion_id) VALUES ('La Granja', '76180', 'COLONIA', 6);
INSERT INTO colonias (nombre, codigoPostal, tipo_asentamiento, delegacion_id) VALUES ('Las Plazas', '76180', 'COLONIA', 6);
INSERT INTO colonias (nombre, codigoPostal, tipo_asentamiento, delegacion_id) VALUES ('Orquídeas', '76180', 'COLONIA', 6);
INSERT INTO colonias (nombre, codigoPostal, tipo_asentamiento, delegacion_id) VALUES ('Plaza Eugenia', '76180', 'ZONA COMERCIAL', 6);
INSERT INTO colonias (nombre, codigoPostal, tipo_asentamiento, delegacion_id) VALUES ('Misión Punta la Joya', '76180', 'FRACCIONAMIENTO', 6);
INSERT INTO colonias (nombre, codigoPostal, tipo_asentamiento, delegacion_id) VALUES ('Misión La Joya', '76180', 'FRACCIONAMIENTO', 6);
INSERT INTO colonias (nombre, codigoPostal, tipo_asentamiento, delegacion_id) VALUES ('Magisterial', '76180', 'COLONIA', 6);
INSERT INTO colonias (nombre, codigoPostal, tipo_asentamiento, delegacion_id) VALUES ('La Joya', '76180', 'FRACCIONAMIENTO', 6);
INSERT INTO colonias (nombre, codigoPostal, tipo_asentamiento, delegacion_id) VALUES ('Anáhuac', '76180', 'COLONIA', 6);
INSERT INTO colonias (nombre, codigoPostal, tipo_asentamiento, delegacion_id) VALUES ('Mansiones del Valle', '76185', 'COLONIA', 4);
INSERT INTO colonias (nombre, codigoPostal, tipo_asentamiento, delegacion_id) VALUES ('Misión Campestre', '76185', 'CONDOMINIO', 4);
INSERT INTO colonias (nombre, codigoPostal, tipo_asentamiento, delegacion_id) VALUES ('Hacienda San Miguel', '76185', 'FRACCIONAMIENTO', 4);
INSERT INTO colonias (nombre, codigoPostal, tipo_asentamiento, delegacion_id) VALUES ('Claustros del Campestre', '76185', 'FRACCIONAMIENTO', 4);
INSERT INTO colonias (nombre, codigoPostal, tipo_asentamiento, delegacion_id) VALUES ('Club Campestre', '76190', 'COLONIA', 4);
INSERT INTO colonias (nombre, codigoPostal, tipo_asentamiento, delegacion_id) VALUES ('Del Valle', '76190', 'COLONIA', 4);
INSERT INTO colonias (nombre, codigoPostal, tipo_asentamiento, delegacion_id) VALUES ('Lomas de Querétaro', '76190', 'COLONIA', 4);
INSERT INTO colonias (nombre, codigoPostal, tipo_asentamiento, delegacion_id) VALUES ('Rincón de San Antonio', '76190', 'FRACCIONAMIENTO', 4);
INSERT INTO colonias (nombre, codigoPostal, tipo_asentamiento, delegacion_id) VALUES ('Los Pilares', '76190', 'COLONIA', 4);
INSERT INTO colonias (nombre, codigoPostal, tipo_asentamiento, delegacion_id) VALUES ('Fidel Velázquez Sánchez', '76197', 'COLONIA', 4);
INSERT INTO colonias (nombre, codigoPostal, tipo_asentamiento, delegacion_id) VALUES ('Prados del Campestre', '76199', 'FRACCIONAMIENTO', 1);
INSERT INTO colonias (nombre, codigoPostal, tipo_asentamiento, delegacion_id) VALUES ('Jofrito', '76210', 'PUEBLO', 1);
INSERT INTO colonias (nombre, codigoPostal, tipo_asentamiento, delegacion_id) VALUES ('La Estacada', '76210', 'PUEBLO', 1);
INSERT INTO colonias (nombre, codigoPostal, tipo_asentamiento, delegacion_id) VALUES ('La Gotera', '76210', 'PUEBLO', 1);
INSERT INTO colonias (nombre, codigoPostal, tipo_asentamiento, delegacion_id) VALUES ('Ojo de Agua', '76211', 'PUEBLO', 1);
INSERT INTO colonias (nombre, codigoPostal, tipo_asentamiento, delegacion_id) VALUES ('El Rincón de Ojo de Agua', '76212', 'PUEBLO', 1);
INSERT INTO colonias (nombre, codigoPostal, tipo_asentamiento, delegacion_id) VALUES ('Guadalupe (La Lagrima)', '76212', 'RANCHERÍA', 1);
INSERT INTO colonias (nombre, codigoPostal, tipo_asentamiento, delegacion_id) VALUES ('El Raspiño', '76212', 'RANCHERÍA', 1);
INSERT INTO colonias (nombre, codigoPostal, tipo_asentamiento, delegacion_id) VALUES ('La Luz', '76212', 'PUEBLO', 1);
INSERT INTO colonias (nombre, codigoPostal, tipo_asentamiento, delegacion_id) VALUES ('Charape de los Pelones', '76212', 'PUEBLO', 1);
INSERT INTO colonias (nombre, codigoPostal, tipo_asentamiento, delegacion_id) VALUES ('La Cantera', '76212', 'PUEBLO', 1);
INSERT INTO colonias (nombre, codigoPostal, tipo_asentamiento, delegacion_id) VALUES ('La Palma', '76213', 'PUEBLO', 1);
INSERT INTO colonias (nombre, codigoPostal, tipo_asentamiento, delegacion_id) VALUES ('La Versolilla', '76213', 'COLONIA', 1);
INSERT INTO colonias (nombre, codigoPostal, tipo_asentamiento, delegacion_id) VALUES ('Palo Alto', '76213', 'PUEBLO', 1);
INSERT INTO colonias (nombre, codigoPostal, tipo_asentamiento, delegacion_id) VALUES ('La Estancia de Palo Dulce', '76214', 'PUEBLO', 1);
INSERT INTO colonias (nombre, codigoPostal, tipo_asentamiento, delegacion_id) VALUES ('Jofre', '76215', 'COLONIA', 1);
INSERT INTO colonias (nombre, codigoPostal, tipo_asentamiento, delegacion_id) VALUES ('San Antonio de Trojes', '76215', 'RANCHERÍA', 1);
INSERT INTO colonias (nombre, codigoPostal, tipo_asentamiento, delegacion_id) VALUES ('Ampliación Parque Industrial Querétaro', '76215', 'ZONA INDUSTRIAL', 6);
INSERT INTO colonias (nombre, codigoPostal, tipo_asentamiento, delegacion_id) VALUES ('Parque Industrial Querétaro', '76215', 'ZONA INDUSTRIAL', 6);
INSERT INTO colonias (nombre, codigoPostal, tipo_asentamiento, delegacion_id) VALUES ('Presa de Becerra', '76216', 'PUEBLO', 1);
INSERT INTO colonias (nombre, codigoPostal, tipo_asentamiento, delegacion_id) VALUES ('Cañada de la Monja', '76217', 'PUEBLO', 1);
INSERT INTO colonias (nombre, codigoPostal, tipo_asentamiento, delegacion_id) VALUES ('Loma del Chino', '76218', 'PUEBLO', 1);
INSERT INTO colonias (nombre, codigoPostal, tipo_asentamiento, delegacion_id) VALUES ('La Monja', '76219', 'PUEBLO', 1);
INSERT INTO colonias (nombre, codigoPostal, tipo_asentamiento, delegacion_id) VALUES ('Lindavista', '76220', 'COLONIA', 1);
INSERT INTO colonias (nombre, codigoPostal, tipo_asentamiento, delegacion_id) VALUES ('Montenegro', '76220', 'PUEBLO', 1);
INSERT INTO colonias (nombre, codigoPostal, tipo_asentamiento, delegacion_id) VALUES ('Puerto de Aguirre', '76220', 'PUEBLO', 1);
INSERT INTO colonias (nombre, codigoPostal, tipo_asentamiento, delegacion_id) VALUES ('San Miguelito', '76220', 'PUEBLO', 1);
INSERT INTO colonias (nombre, codigoPostal, tipo_asentamiento, delegacion_id) VALUES ('Santa Rosa de Jauregui', '76220', 'PUEBLO', 1);
INSERT INTO colonias (nombre, codigoPostal, tipo_asentamiento, delegacion_id) VALUES ('Villas de Santa Rosa', '76220', 'COLONIA', 1);
INSERT INTO colonias (nombre, codigoPostal, tipo_asentamiento, delegacion_id) VALUES ('Microindustrial Santa Rosa', '76220', 'ZONA INDUSTRIAL', 1);
INSERT INTO colonias (nombre, codigoPostal, tipo_asentamiento, delegacion_id) VALUES ('Continental', '76220', 'COLONIA', 1);
INSERT INTO colonias (nombre, codigoPostal, tipo_asentamiento, delegacion_id) VALUES ('Las Rosas', '76220', 'COLONIA', 1);
INSERT INTO colonias (nombre, codigoPostal, tipo_asentamiento, delegacion_id) VALUES ('Lomas del Pedregal', '76220', 'COLONIA', 1);
INSERT INTO colonias (nombre, codigoPostal, tipo_asentamiento, delegacion_id) VALUES ('Valle Dorado', '76220', 'COLONIA', 1);
INSERT INTO colonias (nombre, codigoPostal, tipo_asentamiento, delegacion_id) VALUES ('Los Arquitos', '76220', 'COLONIA', 1);
INSERT INTO colonias (nombre, codigoPostal, tipo_asentamiento, delegacion_id) VALUES ('San Francisco', '76220', 'COLONIA', 1);
INSERT INTO colonias (nombre, codigoPostal, tipo_asentamiento, delegacion_id) VALUES ('Santa Lucia', '76220', 'COLONIA', 1);
INSERT INTO colonias (nombre, codigoPostal, tipo_asentamiento, delegacion_id) VALUES ('Francisco Villa', '76220', 'COLONIA', 1);
INSERT INTO colonias (nombre, codigoPostal, tipo_asentamiento, delegacion_id) VALUES ('Colinas de Santa Rosa', '76220', 'COLONIA', 1);
INSERT INTO colonias (nombre, codigoPostal, tipo_asentamiento, delegacion_id) VALUES ('Emiliano Zapata', '76220', 'COLONIA', 1);
INSERT INTO colonias (nombre, codigoPostal, tipo_asentamiento, delegacion_id) VALUES ('Las Lajitas', '76220', 'COLONIA', 1);
INSERT INTO colonias (nombre, codigoPostal, tipo_asentamiento, delegacion_id) VALUES ('El Pedregal', '76220', 'COLONIA', 1);
INSERT INTO colonias (nombre, codigoPostal, tipo_asentamiento, delegacion_id) VALUES ('Los Ángeles', '76220', 'COLONIA', 1);
INSERT INTO colonias (nombre, codigoPostal, tipo_asentamiento, delegacion_id) VALUES ('La Cruz', '76220', 'COLONIA', 1);
INSERT INTO colonias (nombre, codigoPostal, tipo_asentamiento, delegacion_id) VALUES ('Corregidora', '76220', 'COLONIA', 1);
INSERT INTO colonias (nombre, codigoPostal, tipo_asentamiento, delegacion_id) VALUES ('La Loma', '76220', 'COLONIA', 1);
INSERT INTO colonias (nombre, codigoPostal, tipo_asentamiento, delegacion_id) VALUES ('Arboledas', '76220', 'COLONIA', 1);
INSERT INTO colonias (nombre, codigoPostal, tipo_asentamiento, delegacion_id) VALUES ('Las Flores', '76220', 'COLONIA', 1);
INSERT INTO colonias (nombre, codigoPostal, tipo_asentamiento, delegacion_id) VALUES ('Benito Juárez', '76220', 'COLONIA', 1);
INSERT INTO colonias (nombre, codigoPostal, tipo_asentamiento, delegacion_id) VALUES ('Independencia', '76220', 'FRACCIONAMIENTO', 1);
INSERT INTO colonias (nombre, codigoPostal, tipo_asentamiento, delegacion_id) VALUES ('Parque Industrial Polígono Empresarial', '76220', 'ZONA INDUSTRIAL', 1);
INSERT INTO colonias (nombre, codigoPostal, tipo_asentamiento, delegacion_id) VALUES ('Cerro de la Cruz', '76221', 'PUEBLO', 1);
INSERT INTO colonias (nombre, codigoPostal, tipo_asentamiento, delegacion_id) VALUES ('Charape de la Joya', '76221', 'PUEBLO', 1);
INSERT INTO colonias (nombre, codigoPostal, tipo_asentamiento, delegacion_id) VALUES ('La Barreta', '76221', 'PUEBLO', 1);
INSERT INTO colonias (nombre, codigoPostal, tipo_asentamiento, delegacion_id) VALUES ('La Carbonera', '76221', 'PUEBLO', 1);
INSERT INTO colonias (nombre, codigoPostal, tipo_asentamiento, delegacion_id) VALUES ('La Joya', '76221', 'PUEBLO', 1);
INSERT INTO colonias (nombre, codigoPostal, tipo_asentamiento, delegacion_id) VALUES ('Pintillo', '76223', 'PUEBLO', 1);
INSERT INTO colonias (nombre, codigoPostal, tipo_asentamiento, delegacion_id) VALUES ('Pinto', '76223', 'PUEBLO', 1);
INSERT INTO colonias (nombre, codigoPostal, tipo_asentamiento, delegacion_id) VALUES ('San Isidro Buenavista', '76223', 'COLONIA', 1);
INSERT INTO colonias (nombre, codigoPostal, tipo_asentamiento, delegacion_id) VALUES ('Santa Catarina', '76223', 'COLONIA', 1);
INSERT INTO colonias (nombre, codigoPostal, tipo_asentamiento, delegacion_id) VALUES ('Corea', '76223', 'COLONIA', 1);
INSERT INTO colonias (nombre, codigoPostal, tipo_asentamiento, delegacion_id) VALUES ('La Esperanza', '76223', 'RANCHERÍA', 1);
INSERT INTO colonias (nombre, codigoPostal, tipo_asentamiento, delegacion_id) VALUES ('Santa Catarina (Asociación de Colonos)', '76223', 'COLONIA', 1);
INSERT INTO colonias (nombre, codigoPostal, tipo_asentamiento, delegacion_id) VALUES ('Ampliación Piano', '76223', 'COLONIA', 1);
INSERT INTO colonias (nombre, codigoPostal, tipo_asentamiento, delegacion_id) VALUES ('Montenegro', '76223', 'FRACCIONAMIENTO', 1);
INSERT INTO colonias (nombre, codigoPostal, tipo_asentamiento, delegacion_id) VALUES ('Varadero Residencial', '76223', 'FRACCIONAMIENTO', 1);
INSERT INTO colonias (nombre, codigoPostal, tipo_asentamiento, delegacion_id) VALUES ('Parque Industrial San Isidro Business Park', '76223', 'ZONA INDUSTRIAL', 1);
INSERT INTO colonias (nombre, codigoPostal, tipo_asentamiento, delegacion_id) VALUES ('Hacienda Santa Rosa', '76223', 'FRACCIONAMIENTO', 1);
INSERT INTO colonias (nombre, codigoPostal, tipo_asentamiento, delegacion_id) VALUES ('La Puerta de Santiaguillo', '76224', 'RANCHERÍA', 1);
INSERT INTO colonias (nombre, codigoPostal, tipo_asentamiento, delegacion_id) VALUES ('Presita de San Antonio', '76224', 'RANCHERÍA', 1);
INSERT INTO colonias (nombre, codigoPostal, tipo_asentamiento, delegacion_id) VALUES ('Los Jiménez', '76224', 'RANCHERÍA', 1);
INSERT INTO colonias (nombre, codigoPostal, tipo_asentamiento, delegacion_id) VALUES ('Cerro Colorado (El Colorado)', '76224', 'PUEBLO', 1);
INSERT INTO colonias (nombre, codigoPostal, tipo_asentamiento, delegacion_id) VALUES ('Los Pirules', '76224', 'RANCHO', 1);
INSERT INTO colonias (nombre, codigoPostal, tipo_asentamiento, delegacion_id) VALUES ('Casa Blanca', '76224', 'PUEBLO', 1);
INSERT INTO colonias (nombre, codigoPostal, tipo_asentamiento, delegacion_id) VALUES ('Estancia de la Rochera', '76224', 'PUEBLO', 1);
INSERT INTO colonias (nombre, codigoPostal, tipo_asentamiento, delegacion_id) VALUES ('Pie de Gallo', '76224', 'PUEBLO', 1);
INSERT INTO colonias (nombre, codigoPostal, tipo_asentamiento, delegacion_id) VALUES ('San Isidro Viejo', '76224', 'PUEBLO', 1);
INSERT INTO colonias (nombre, codigoPostal, tipo_asentamiento, delegacion_id) VALUES ('El Herrero', '76224', 'PUEBLO', 1);
INSERT INTO colonias (nombre, codigoPostal, tipo_asentamiento, delegacion_id) VALUES ('Llano de la Rochera', '76224', 'PUEBLO', 1);
INSERT INTO colonias (nombre, codigoPostal, tipo_asentamiento, delegacion_id) VALUES ('El Madroño', '76224', 'COLONIA', 1);
INSERT INTO colonias (nombre, codigoPostal, tipo_asentamiento, delegacion_id) VALUES ('Buenavista', '76225', 'PUEBLO', 1);
INSERT INTO colonias (nombre, codigoPostal, tipo_asentamiento, delegacion_id) VALUES ('San Isidro', '76226', 'FRACCIONAMIENTO', 1);
INSERT INTO colonias (nombre, codigoPostal, tipo_asentamiento, delegacion_id) VALUES ('Lomas de Juriquilla', '76226', 'FRACCIONAMIENTO', 1);
INSERT INTO colonias (nombre, codigoPostal, tipo_asentamiento, delegacion_id) VALUES ('Acequia Blanca', '76226', 'COLONIA', 1);
INSERT INTO colonias (nombre, codigoPostal, tipo_asentamiento, delegacion_id) VALUES ('San José Buenavista', '76226', 'PUEBLO', 1);
INSERT INTO colonias (nombre, codigoPostal, tipo_asentamiento, delegacion_id) VALUES ('Villas del Mesón', '76226', 'FRACCIONAMIENTO', 1);
INSERT INTO colonias (nombre, codigoPostal, tipo_asentamiento, delegacion_id) VALUES ('Lomas de San Isidro', '76226', 'FRACCIONAMIENTO', 1);
INSERT INTO colonias (nombre, codigoPostal, tipo_asentamiento, delegacion_id) VALUES ('Grand Preserve', '76226', 'FRACCIONAMIENTO', 1);
INSERT INTO colonias (nombre, codigoPostal, tipo_asentamiento, delegacion_id) VALUES ('Grand Juriquilla', '76226', 'FRACCIONAMIENTO', 1);
INSERT INTO colonias (nombre, codigoPostal, tipo_asentamiento, delegacion_id) VALUES ('Altarica', '76226', 'FRACCIONAMIENTO', 1);
INSERT INTO colonias (nombre, codigoPostal, tipo_asentamiento, delegacion_id) VALUES ('Club Residencial Los Encinos', '76226', 'FRACCIONAMIENTO', 1);
INSERT INTO colonias (nombre, codigoPostal, tipo_asentamiento, delegacion_id) VALUES ('Fuentes de la Villa Rica', '76226', 'FRACCIONAMIENTO', 1);
INSERT INTO colonias (nombre, codigoPostal, tipo_asentamiento, delegacion_id) VALUES ('La Rica', '76226', 'FRACCIONAMIENTO', 1);
INSERT INTO colonias (nombre, codigoPostal, tipo_asentamiento, delegacion_id) VALUES ('Quintalegre', '76226', 'FRACCIONAMIENTO', 1);
INSERT INTO colonias (nombre, codigoPostal, tipo_asentamiento, delegacion_id) VALUES ('Terrazas', '76226', 'FRACCIONAMIENTO', 1);
INSERT INTO colonias (nombre, codigoPostal, tipo_asentamiento, delegacion_id) VALUES ('Mattía Residencial', '76226', 'FRACCIONAMIENTO', 1);
INSERT INTO colonias (nombre, codigoPostal, tipo_asentamiento, delegacion_id) VALUES ('La Arboleda II', '76226', 'FRACCIONAMIENTO', 1);
INSERT INTO colonias (nombre, codigoPostal, tipo_asentamiento, delegacion_id) VALUES ('Juriquilla Campestre', '76226', 'FRACCIONAMIENTO', 1);
INSERT INTO colonias (nombre, codigoPostal, tipo_asentamiento, delegacion_id) VALUES ('Real de Juriquilla', '76226', 'FRACCIONAMIENTO', 1);
INSERT INTO colonias (nombre, codigoPostal, tipo_asentamiento, delegacion_id) VALUES ('Ecológico la Rica', '76226', 'FRACCIONAMIENTO', 1);
INSERT INTO colonias (nombre, codigoPostal, tipo_asentamiento, delegacion_id) VALUES ('Jurica Misiones', '76226', 'FRACCIONAMIENTO', 1);
INSERT INTO colonias (nombre, codigoPostal, tipo_asentamiento, delegacion_id) VALUES ('Juriquilla', '76226', 'PUEBLO', 1);
INSERT INTO colonias (nombre, codigoPostal, tipo_asentamiento, delegacion_id) VALUES ('Cuadrilla Juriquilla', '76226', 'FRACCIONAMIENTO', 1);
INSERT INTO colonias (nombre, codigoPostal, tipo_asentamiento, delegacion_id) VALUES ('Loma Juriquilla', '76226', 'FRACCIONAMIENTO', 1);
INSERT INTO colonias (nombre, codigoPostal, tipo_asentamiento, delegacion_id) VALUES ('Rincón del Lago', '76226', 'FRACCIONAMIENTO', 1);
INSERT INTO colonias (nombre, codigoPostal, tipo_asentamiento, delegacion_id) VALUES ('Cerro Prieto', '76227', 'PUEBLO', 1);
INSERT INTO colonias (nombre, codigoPostal, tipo_asentamiento, delegacion_id) VALUES ('Quintín Lozada', '76227', 'RANCHERÍA', 1);
INSERT INTO colonias (nombre, codigoPostal, tipo_asentamiento, delegacion_id) VALUES ('Los Muertos', '76227', 'RANCHERÍA', 1);
INSERT INTO colonias (nombre, codigoPostal, tipo_asentamiento, delegacion_id) VALUES ('El Patol', '76227', 'PUEBLO', 3);
INSERT INTO colonias (nombre, codigoPostal, tipo_asentamiento, delegacion_id) VALUES ('El Tránsito', '76227', 'COLONIA', 3);
INSERT INTO colonias (nombre, codigoPostal, tipo_asentamiento, delegacion_id) VALUES ('La Purísima', '76227', 'EJIDO', 3);
INSERT INTO colonias (nombre, codigoPostal, tipo_asentamiento, delegacion_id) VALUES ('La Tinaja de la Estancia', '76228', 'PUEBLO', 1);
INSERT INTO colonias (nombre, codigoPostal, tipo_asentamiento, delegacion_id) VALUES ('San Isidro el Alto', '76228', 'PUEBLO', 1);
INSERT INTO colonias (nombre, codigoPostal, tipo_asentamiento, delegacion_id) VALUES ('El Pie', '76229', 'PUEBLO', 6);
INSERT INTO colonias (nombre, codigoPostal, tipo_asentamiento, delegacion_id) VALUES ('Tlacote El Alto', '76229', 'PUEBLO', 6);
INSERT INTO colonias (nombre, codigoPostal, tipo_asentamiento, delegacion_id) VALUES ('El Nabo', '76229', 'PUEBLO', 6);
INSERT INTO colonias (nombre, codigoPostal, tipo_asentamiento, delegacion_id) VALUES ('Santa María del Zapote', '76229', 'PUEBLO', 6);
INSERT INTO colonias (nombre, codigoPostal, tipo_asentamiento, delegacion_id) VALUES ('Tlacote el Bajo', '76229', 'PUEBLO', 6);
INSERT INTO colonias (nombre, codigoPostal, tipo_asentamiento, delegacion_id) VALUES ('Santo Niño de Praga', '76229', 'PUEBLO', 6);
INSERT INTO colonias (nombre, codigoPostal, tipo_asentamiento, delegacion_id) VALUES ('El Puertecito', '76229', 'RANCHERÍA', 6);
INSERT INTO colonias (nombre, codigoPostal, tipo_asentamiento, delegacion_id) VALUES ('Puertas de San Miguel', '76229', 'FRACCIONAMIENTO', 6);
INSERT INTO colonias (nombre, codigoPostal, tipo_asentamiento, delegacion_id) VALUES ('La Nueva Palma', '76229', 'COLONIA', 6);
INSERT INTO colonias (nombre, codigoPostal, tipo_asentamiento, delegacion_id) VALUES ('Mesita de Mompani', '76229', 'EJIDO', 6);
INSERT INTO colonias (nombre, codigoPostal, tipo_asentamiento, delegacion_id) VALUES ('San Francisco de la Palma', '76229', 'COLONIA', 6);
INSERT INTO colonias (nombre, codigoPostal, tipo_asentamiento, delegacion_id) VALUES ('Mompaní', '76229', 'PUEBLO', 6);
INSERT INTO colonias (nombre, codigoPostal, tipo_asentamiento, delegacion_id) VALUES ('Jurica la Solana', '76230', 'FRACCIONAMIENTO', 1);
INSERT INTO colonias (nombre, codigoPostal, tipo_asentamiento, delegacion_id) VALUES ('Punta Juriquilla', '76230', 'FRACCIONAMIENTO', 1);
INSERT INTO colonias (nombre, codigoPostal, tipo_asentamiento, delegacion_id) VALUES ('Las Paulonias Campestre', '76230', 'FRACCIONAMIENTO', 1);
INSERT INTO colonias (nombre, codigoPostal, tipo_asentamiento, delegacion_id) VALUES ('Las Mariposas', '76230', 'COLONIA', 1);
INSERT INTO colonias (nombre, codigoPostal, tipo_asentamiento, delegacion_id) VALUES ('Colinas de Juriquilla', '76230', 'FRACCIONAMIENTO', 1);
INSERT INTO colonias (nombre, codigoPostal, tipo_asentamiento, delegacion_id) VALUES ('Hacienda Grande', '76230', 'FRACCIONAMIENTO', 1);
INSERT INTO colonias (nombre, codigoPostal, tipo_asentamiento, delegacion_id) VALUES ('Rinconada Santini', '76230', 'FRACCIONAMIENTO', 1);
INSERT INTO colonias (nombre, codigoPostal, tipo_asentamiento, delegacion_id) VALUES ('Altos Juriquilla', '76230', 'FRACCIONAMIENTO', 1);
INSERT INTO colonias (nombre, codigoPostal, tipo_asentamiento, delegacion_id) VALUES ('Cumbres de Juriquilla', '76230', 'FRACCIONAMIENTO', 1);
INSERT INTO colonias (nombre, codigoPostal, tipo_asentamiento, delegacion_id) VALUES ('Juriquilla la Condesa', '76230', 'FRACCIONAMIENTO', 1);
INSERT INTO colonias (nombre, codigoPostal, tipo_asentamiento, delegacion_id) VALUES ('Gran Puerta Paraíso', '76230', 'FRACCIONAMIENTO', 1);
INSERT INTO colonias (nombre, codigoPostal, tipo_asentamiento, delegacion_id) VALUES ('Paraíso', '76230', 'FRACCIONAMIENTO', 1);
INSERT INTO colonias (nombre, codigoPostal, tipo_asentamiento, delegacion_id) VALUES ('Rincón del Ángel', '76230', 'FRACCIONAMIENTO', 1);
INSERT INTO colonias (nombre, codigoPostal, tipo_asentamiento, delegacion_id) VALUES ('Tierra Verde Juriquilla', '76230', 'CONDOMINIO', 1);
INSERT INTO colonias (nombre, codigoPostal, tipo_asentamiento, delegacion_id) VALUES ('Torre de Piedra', '76230', 'FRACCIONAMIENTO', 1);
INSERT INTO colonias (nombre, codigoPostal, tipo_asentamiento, delegacion_id) VALUES ('Vive Hacienda Grande', '76230', 'FRACCIONAMIENTO', 1);
INSERT INTO colonias (nombre, codigoPostal, tipo_asentamiento, delegacion_id) VALUES ('Universidades', '76230', 'COLONIA', 1);
INSERT INTO colonias (nombre, codigoPostal, tipo_asentamiento, delegacion_id) VALUES ('Handiko Residencial', '76230', 'CONDOMINIO', 1);
INSERT INTO colonias (nombre, codigoPostal, tipo_asentamiento, delegacion_id) VALUES ('Jardines de Juriquilla', '76230', 'FRACCIONAMIENTO', 1);
INSERT INTO colonias (nombre, codigoPostal, tipo_asentamiento, delegacion_id) VALUES ('Juriquilla Residencial', '76230', 'FRACCIONAMIENTO', 1);
INSERT INTO colonias (nombre, codigoPostal, tipo_asentamiento, delegacion_id) VALUES ('La Herradura', '76230', 'FRACCIONAMIENTO', 1);
INSERT INTO colonias (nombre, codigoPostal, tipo_asentamiento, delegacion_id) VALUES ('Los Naranjos II', '76230', 'FRACCIONAMIENTO', 1);
INSERT INTO colonias (nombre, codigoPostal, tipo_asentamiento, delegacion_id) VALUES ('Los Naranjos III', '76230', 'FRACCIONAMIENTO', 1);
INSERT INTO colonias (nombre, codigoPostal, tipo_asentamiento, delegacion_id) VALUES ('Misión Hacienda Grande', '76230', 'FRACCIONAMIENTO', 1);
INSERT INTO colonias (nombre, codigoPostal, tipo_asentamiento, delegacion_id) VALUES ('Ermita Juriquilla', '76230', 'COLONIA', 1);
INSERT INTO colonias (nombre, codigoPostal, tipo_asentamiento, delegacion_id) VALUES ('Conjunto Industrial Luxar', '76230', 'ZONA INDUSTRIAL', 1);
INSERT INTO colonias (nombre, codigoPostal, tipo_asentamiento, delegacion_id) VALUES ('El Faro', '76230', 'FRACCIONAMIENTO', 1);
INSERT INTO colonias (nombre, codigoPostal, tipo_asentamiento, delegacion_id) VALUES ('Cumbres del Lago', '76230', 'FRACCIONAMIENTO', 1);
INSERT INTO colonias (nombre, codigoPostal, tipo_asentamiento, delegacion_id) VALUES ('Balcones de Juriquilla', '76230', 'FRACCIONAMIENTO', 1);
INSERT INTO colonias (nombre, codigoPostal, tipo_asentamiento, delegacion_id) VALUES ('La Cañada Juriquilla', '76230', 'FRACCIONAMIENTO', 1);
INSERT INTO colonias (nombre, codigoPostal, tipo_asentamiento, delegacion_id) VALUES ('Jurica Tolimán', '76230', 'FRACCIONAMIENTO', 1);
INSERT INTO colonias (nombre, codigoPostal, tipo_asentamiento, delegacion_id) VALUES ('San Francisco Juriquilla', '76230', 'FRACCIONAMIENTO', 1);
INSERT INTO colonias (nombre, codigoPostal, tipo_asentamiento, delegacion_id) VALUES ('Juriquilla Privada', '76230', 'FRACCIONAMIENTO', 1);
INSERT INTO colonias (nombre, codigoPostal, tipo_asentamiento, delegacion_id) VALUES ('Paseo del Piropo', '76230', 'FRACCIONAMIENTO', 1);
INSERT INTO colonias (nombre, codigoPostal, tipo_asentamiento, delegacion_id) VALUES ('Altavista Juriquilla', '76230', 'FRACCIONAMIENTO', 1);
INSERT INTO colonias (nombre, codigoPostal, tipo_asentamiento, delegacion_id) VALUES ('La Solana', '76230', 'COLONIA', 1);
INSERT INTO colonias (nombre, codigoPostal, tipo_asentamiento, delegacion_id) VALUES ('Mayoral', '76230', 'FRACCIONAMIENTO', 1);
INSERT INTO colonias (nombre, codigoPostal, tipo_asentamiento, delegacion_id) VALUES ('Nuevo Paraíso', '76230', 'FRACCIONAMIENTO', 1);
INSERT INTO colonias (nombre, codigoPostal, tipo_asentamiento, delegacion_id) VALUES ('Paraíso Diamante', '76230', 'FRACCIONAMIENTO', 1);
INSERT INTO colonias (nombre, codigoPostal, tipo_asentamiento, delegacion_id) VALUES ('Los Naranjos', '76230', 'FRACCIONAMIENTO', 1);
INSERT INTO colonias (nombre, codigoPostal, tipo_asentamiento, delegacion_id) VALUES ('Jurica Acueducto', '76230', 'FRACCIONAMIENTO', 1);
INSERT INTO colonias (nombre, codigoPostal, tipo_asentamiento, delegacion_id) VALUES ('Nuevo Juriquilla', '76230', 'COLONIA', 1);
INSERT INTO colonias (nombre, codigoPostal, tipo_asentamiento, delegacion_id) VALUES ('Rancho Largo', '76230', 'COLONIA', 1);
INSERT INTO colonias (nombre, codigoPostal, tipo_asentamiento, delegacion_id) VALUES ('Azteca', '76230', 'FRACCIONAMIENTO', 1);
INSERT INTO colonias (nombre, codigoPostal, tipo_asentamiento, delegacion_id) VALUES ('Caletto', '76230', 'FRACCIONAMIENTO', 1);
INSERT INTO colonias (nombre, codigoPostal, tipo_asentamiento, delegacion_id) VALUES ('Juriquilla Santa Fe', '76230', 'FRACCIONAMIENTO', 1);
INSERT INTO colonias (nombre, codigoPostal, tipo_asentamiento, delegacion_id) VALUES ('El Huizachal de las Tetillas', '76233', 'COLONIA', 1);
INSERT INTO colonias (nombre, codigoPostal, tipo_asentamiento, delegacion_id) VALUES ('Campestre Huertas la Joya', '76235', 'FRACCIONAMIENTO', 6);
INSERT INTO colonias (nombre, codigoPostal, tipo_asentamiento, delegacion_id) VALUES ('Puerta Verona', '76235', 'FRACCIONAMIENTO', 6);
INSERT INTO colonias (nombre, codigoPostal, tipo_asentamiento, delegacion_id) VALUES ('Tres Cantos Residencial', '76235', 'FRACCIONAMIENTO', 6);
INSERT INTO colonias (nombre, codigoPostal, tipo_asentamiento, delegacion_id) VALUES ('El Rincón', '76235', 'RANCHERÍA', 6);
INSERT INTO colonias (nombre, codigoPostal, tipo_asentamiento, delegacion_id) VALUES ('Sonterra', '76235', 'FRACCIONAMIENTO', 6);
INSERT INTO colonias (nombre, codigoPostal, tipo_asentamiento, delegacion_id) VALUES ('Los Viñedos', '76235', 'FRACCIONAMIENTO', 6);
INSERT INTO colonias (nombre, codigoPostal, tipo_asentamiento, delegacion_id) VALUES ('San Pedrito el Alto (El Obraje)', '76237', 'RANCHERÍA', 6);
INSERT INTO colonias (nombre, codigoPostal, tipo_asentamiento, delegacion_id) VALUES ('Altozano el Nuevo Querétaro', '76237', 'FRACCIONAMIENTO', 7);
INSERT INTO colonias (nombre, codigoPostal, tipo_asentamiento, delegacion_id) VALUES ('Prados de Miranda', '76238', 'COLONIA', 4);
INSERT INTO colonias (nombre, codigoPostal, tipo_asentamiento, delegacion_id) VALUES ('Santa Juanita Miranda', '76238', 'COLONIA', 4);
INSERT INTO colonias (nombre, codigoPostal, tipo_asentamiento, delegacion_id) VALUES ('Las Águilas', '76238', 'COLONIA', 6);
INSERT INTO colonias (nombre, codigoPostal, tipo_asentamiento, delegacion_id) VALUES ('Nuevo Horizonte', '76238', 'COLONIA', 7);
INSERT INTO colonias (nombre, codigoPostal, tipo_asentamiento, delegacion_id) VALUES ('Prados del Mirador (Cuesta China)', '76238', 'COLONIA', 4);
